0,other_events
1,other_events
2,other_events
3,other_events
4,other_events
5,other_events
6,other_events
7,other_events
8,other_events
9,other_events
10,other_events
11,other_events
12,other_events
13,other_events
14,other_events
15,other_events
16,other_events
17,other_events
18,other_events
19,other_events
20,other_events
21,other_events
22,other_events
23,swiping_left
24,swiping_left
25,swiping_left
26,swiping_left
27,swiping_left
28,swiping_left
29,swiping_left
30,swiping_left
31,swiping_left
32,swiping_left
33,swiping_left
34,swiping_left
35,swiping_left
36,swiping_left
37,swiping_left
38,other_events
39,other_events
40,other_events
41,other_events
42,other_events
43,other_events
44,other_events
45,other_events
46,other_events
47,other_events
48,other_events
49,other_events
50,other_events
51,other_events
52,other_events
53,other_events
54,other_events
55,other_events
56,drumming
57,drumming
58,drumming
59,drumming
60,drumming
61,drumming
62,drumming
63,drumming
64,drumming
65,drumming
66,drumming
67,drumming
68,drumming
69,drumming
70,drumming
71,drumming
72,drumming
73,drumming
74,drumming
75,drumming
76,drumming
77,drumming
78,drumming
79,drumming
80,drumming
81,drumming
82,drumming
83,drumming
84,drumming
85,drumming
86,drumming
87,drumming
88,drumming
89,drumming
90,drumming
91,drumming
92,drumming
93,other_events
94,other_events
95,other_events
96,other_events
97,swiping_right
98,swiping_right
99,swiping_right
100,swiping_right
101,swiping_right
102,swiping_right
103,swiping_right
104,swiping_right
105,swiping_right
106,swiping_right
107,swiping_right
108,swiping_right
109,swiping_right
110,swiping_right
111,swiping_right
112,swiping_right
113,swiping_right
114,swiping_right
115,swiping_right
116,swiping_right
117,swiping_right
118,swiping_right
119,swiping_right
120,swiping_right
121,swiping_right
122,swiping_right
123,swiping_right
124,swiping_right
125,swiping_right
126,other_events
127,other_events
128,other_events
129,other_events
130,other_events
131,other_events
132,other_events
133,other_events
134,other_events
135,other_events
136,other_events
137,other_events
138,other_events
139,other_events
140,other_events
141,other_events
142,other_events
143,shaking
144,shaking
145,shaking
146,shaking
147,shaking
148,shaking
149,shaking
150,shaking
151,shaking
152,shaking
153,shaking
154,shaking
155,shaking
156,shaking
157,shaking
158,shaking
159,shaking
160,shaking
161,shaking
162,shaking
163,shaking
164,shaking
165,shaking
166,shaking
167,shaking
168,shaking
169,shaking
170,shaking
171,shaking
172,shaking
173,shaking
174,shaking
175,shaking
176,shaking
177,shaking
178,shaking
179,shaking
180,shaking
181,shaking
182,shaking
183,shaking
184,other_events
185,other_events
186,other_events
187,other_events
188,other_events
189,other_events
190,other_events
191,other_events
192,other_events
193,other_events
194,other_events
195,other_events
196,other_events
197,other_events
198,other_events
199,putting_off_cloth
200,putting_off_cloth
201,putting_off_cloth
202,putting_off_cloth
203,putting_off_cloth
204,putting_off_cloth
205,putting_off_cloth
206,putting_off_cloth
207,putting_off_cloth
208,putting_off_cloth
209,putting_off_cloth
210,putting_off_cloth
211,putting_off_cloth
212,putting_off_cloth
213,putting_off_cloth
214,putting_off_cloth
215,putting_off_cloth
216,putting_off_cloth
217,putting_off_cloth
218,putting_off_cloth
219,putting_off_cloth
220,putting_off_cloth
221,putting_off_cloth
222,putting_off_cloth
223,putting_off_cloth
224,putting_off_cloth
225,putting_off_cloth
226,putting_off_cloth
227,putting_off_cloth
228,putting_off_cloth
229,putting_off_cloth
230,putting_off_cloth
231,putting_off_cloth
232,putting_off_cloth
233,putting_off_cloth
234,putting_off_cloth
235,putting_off_cloth
236,putting_off_cloth
237,putting_off_cloth
238,putting_off_cloth
239,putting_off_cloth
240,putting_off_cloth
241,putting_off_cloth
242,putting_off_cloth
243,putting_off_cloth
244,putting_off_cloth
245,putting_off_cloth
246,putting_off_cloth
247,putting_off_cloth
248,putting_off_cloth
249,putting_off_cloth
250,other_events
251,other_events
252,other_events
253,putting_on_cloth
254,putting_on_cloth
255,putting_on_cloth
256,putting_on_cloth
257,putting_on_cloth
258,putting_on_cloth
259,putting_on_cloth
260,putting_on_cloth
261,putting_on_cloth
262,putting_on_cloth
263,putting_on_cloth
264,putting_on_cloth
265,putting_on_cloth
266,putting_on_cloth
267,putting_on_cloth
268,putting_on_cloth
269,putting_on_cloth
270,putting_on_cloth
271,putting_on_cloth
272,putting_on_cloth
273,putting_on_cloth
274,putting_on_cloth
275,putting_on_cloth
276,putting_on_cloth
277,putting_on_cloth
278,putting_on_cloth
279,putting_on_cloth
280,putting_on_cloth
281,putting_on_cloth
282,putting_on_cloth
283,putting_on_cloth
284,putting_on_cloth
285,putting_on_cloth
286,putting_on_cloth
287,putting_on_cloth
288,putting_on_cloth
289,putting_on_cloth
290,putting_on_cloth
291,putting_on_cloth
292,putting_on_cloth
293,putting_on_cloth
294,putting_on_cloth
295,putting_on_cloth
296,putting_on_cloth
297,putting_on_cloth
298,putting_on_cloth
299,putting_on_cloth
300,putting_on_cloth
301,putting_on_cloth
302,putting_on_cloth
303,putting_on_cloth
304,putting_on_cloth
305,putting_on_cloth
306,putting_on_cloth
307,putting_on_cloth
308,putting_on_cloth
309,putting_on_cloth
310,putting_on_cloth
311,putting_on_cloth
312,putting_on_cloth
313,putting_on_cloth
314,putting_on_cloth
315,putting_on_cloth
316,putting_on_cloth
317,putting_on_cloth
318,putting_on_cloth
319,putting_on_cloth
320,putting_on_cloth
321,putting_on_cloth
322,putting_on_cloth
323,putting_on_cloth
324,putting_on_cloth
325,other_events
326,other_events
327,other_events
328,other_events
329,other_events
330,other_events
331,other_events
332,other_events
333,other_events
334,other_events
335,other_events
336,other_events
337,other_events
338,other_events
339,standing_up
340,standing_up
341,standing_up
342,standing_up
343,standing_up
344,standing_up
345,standing_up
346,standing_up
347,standing_up
348,standing_up
349,standing_up
350,standing_up
351,standing_up
352,standing_up
353,other_events
354,other_events
355,other_events
356,other_events
357,other_events
358,other_events
359,other_events
360,other_events
361,going_out_of_room
362,going_out_of_room
363,going_out_of_room
364,going_out_of_room
365,going_out_of_room
366,going_out_of_room
367,going_out_of_room
368,going_out_of_room
369,going_out_of_room
370,going_out_of_room
371,going_out_of_room
372,going_out_of_room
373,going_out_of_room
374,going_out_of_room
375,going_out_of_room
376,going_out_of_room
377,going_out_of_room
378,going_out_of_room
379,going_out_of_room
380,going_out_of_room
381,going_out_of_room
382,going_out_of_room
383,going_out_of_room
384,going_out_of_room
385,going_out_of_room
386,going_out_of_room
387,going_out_of_room
388,going_out_of_room
389,going_out_of_room
390,going_out_of_room
391,going_out_of_room
392,going_out_of_room
393,going_out_of_room
394,going_out_of_room
395,going_out_of_room
396,going_out_of_room
397,going_out_of_room
398,going_out_of_room
399,going_out_of_room
400,going_out_of_room
401,going_out_of_room
402,going_out_of_room
403,going_out_of_room
404,going_out_of_room
405,going_out_of_room
406,going_out_of_room
407,going_out_of_room
408,going_out_of_room
409,going_out_of_room
410,going_out_of_room
411,going_out_of_room
412,going_out_of_room
413,going_out_of_room
414,going_out_of_room
415,going_out_of_room
416,going_out_of_room
417,going_out_of_room
418,going_out_of_room
419,going_out_of_room
420,going_out_of_room
421,going_out_of_room
422,going_out_of_room
423,going_out_of_room
424,going_out_of_room
425,going_out_of_room
426,going_out_of_room
427,other_events
428,other_events
429,other_events
430,other_events
431,other_events
432,other_events
433,other_events
434,other_events
435,other_events
436,other_events
437,other_events
438,other_events
439,other_events
440,other_events
441,other_events
442,other_events
443,other_events
444,other_events
445,other_events
446,other_events
447,other_events
448,other_events
449,other_events
450,other_events
451,other_events
452,other_events
453,other_events
454,other_events
455,other_events
456,other_events
457,other_events
458,other_events
459,other_events
460,other_events
461,other_events
462,other_events
463,entering_room
464,entering_room
465,entering_room
466,entering_room
467,entering_room
468,entering_room
469,entering_room
470,entering_room
471,entering_room
472,entering_room
473,entering_room
474,entering_room
475,entering_room
476,entering_room
477,entering_room
478,entering_room
479,entering_room
480,entering_room
481,entering_room
482,entering_room
483,entering_room
484,entering_room
485,entering_room
486,entering_room
487,entering_room
488,entering_room
489,entering_room
490,entering_room
491,entering_room
492,entering_room
493,entering_room
494,entering_room
495,entering_room
496,entering_room
497,entering_room
498,entering_room
499,entering_room
500,entering_room
501,entering_room
502,entering_room
503,entering_room
504,entering_room
505,other_events
506,other_events
507,other_events
508,other_events
509,putting_off_cloth
510,putting_off_cloth
511,putting_off_cloth
512,putting_off_cloth
513,putting_off_cloth
514,putting_off_cloth
515,putting_off_cloth
516,putting_off_cloth
517,putting_off_cloth
518,putting_off_cloth
519,putting_off_cloth
520,putting_off_cloth
521,putting_off_cloth
522,putting_off_cloth
523,putting_off_cloth
524,putting_off_cloth
525,putting_off_cloth
526,putting_off_cloth
527,putting_off_cloth
528,putting_off_cloth
529,putting_off_cloth
530,putting_off_cloth
531,putting_off_cloth
532,putting_off_cloth
533,putting_off_cloth
534,putting_off_cloth
535,putting_off_cloth
536,putting_off_cloth
537,putting_off_cloth
538,putting_off_cloth
539,putting_off_cloth
540,putting_off_cloth
541,putting_off_cloth
542,putting_off_cloth
543,putting_off_cloth
544,putting_off_cloth
545,putting_off_cloth
546,putting_off_cloth
547,putting_off_cloth
548,putting_off_cloth
549,putting_off_cloth
550,putting_off_cloth
551,putting_off_cloth
552,putting_off_cloth
553,putting_off_cloth
554,putting_off_cloth
555,putting_off_cloth
556,putting_off_cloth
557,putting_off_cloth
558,putting_off_cloth
559,putting_off_cloth
560,putting_off_cloth
561,putting_off_cloth
562,putting_off_cloth
563,putting_off_cloth
564,putting_off_cloth
565,putting_off_cloth
566,putting_off_cloth
567,putting_off_cloth
568,putting_off_cloth
569,putting_off_cloth
570,putting_off_cloth
571,putting_off_cloth
572,other_events
573,other_events
574,other_events
575,other_events
576,other_events
577,other_events
578,other_events
579,other_events
580,other_events
581,other_events
582,other_events
583,other_events
584,other_events
585,other_events
586,other_events
587,other_events
588,other_events
589,other_events
590,other_events
591,other_events
592,other_events
593,other_events
594,other_events
595,other_events
596,other_events
597,other_events
598,other_events
599,other_events
600,other_events
601,other_events
602,other_events
603,other_events
604,other_events
605,other_events
606,other_events
607,other_events
608,other_events
609,other_events
610,other_events
611,other_events
612,other_events
613,sitting_down
614,sitting_down
615,sitting_down
616,sitting_down
617,sitting_down
618,sitting_down
619,sitting_down
620,sitting_down
621,sitting_down
622,sitting_down
623,sitting_down
624,sitting_down
625,other_events
626,other_events
627,other_events
628,swiping_left
629,swiping_left
630,swiping_left
631,swiping_left
632,swiping_left
633,swiping_left
634,swiping_left
635,swiping_left
636,swiping_left
637,swiping_left
638,swiping_left
639,swiping_left
640,swiping_left
641,swiping_left
642,swiping_left
643,swiping_left
644,other_events
645,other_events
646,other_events
647,other_events
648,other_events
649,swiping_right
650,swiping_right
651,swiping_right
652,swiping_right
653,swiping_right
654,swiping_right
655,swiping_right
656,swiping_right
657,swiping_right
658,swiping_right
659,swiping_right
660,swiping_right
661,swiping_right
662,swiping_right
663,swiping_right
664,swiping_right
665,swiping_right
666,swiping_right
667,swiping_right
668,swiping_right
669,swiping_right
670,swiping_right
671,swiping_right
672,swiping_right
673,swiping_right
674,swiping_right
675,swiping_right
676,swiping_right
677,swiping_right
678,swiping_right
679,swiping_right
680,other_events
681,other_events
682,other_events
683,other_events
684,other_events
685,shaking
686,shaking
687,shaking
688,shaking
689,shaking
690,shaking
691,shaking
692,shaking
693,shaking
694,shaking
695,shaking
696,shaking
697,shaking
698,shaking
699,shaking
700,shaking
701,shaking
702,shaking
703,shaking
704,shaking
705,shaking
706,shaking
707,shaking
708,shaking
709,shaking
710,shaking
711,shaking
712,shaking
713,shaking
714,shaking
715,shaking
716,shaking
717,shaking
718,shaking
719,shaking
720,other_events
721,other_events
722,other_events
723,other_events
724,other_events
725,other_events
726,other_events
727,other_events
728,other_events
729,other_events
730,other_events
731,other_events
732,other_events
733,other_events
734,drumming
735,drumming
736,drumming
737,drumming
738,drumming
739,drumming
740,drumming
741,drumming
742,drumming
743,drumming
744,drumming
745,drumming
746,drumming
747,drumming
748,drumming
749,drumming
750,drumming
751,drumming
752,drumming
753,drumming
754,drumming
755,drumming
756,drumming
757,drumming
758,drumming
759,drumming
760,drumming
761,drumming
762,drumming
763,drumming
764,drumming
765,drumming
766,drumming
767,drumming
768,drumming
769,drumming
770,drumming
771,drumming
772,other_events
773,other_events
774,other_events
775,other_events
776,other_events
777,other_events
778,other_events
779,other_events
780,other_events
781,thumb_up
782,thumb_up
783,thumb_up
784,thumb_up
785,thumb_up
786,thumb_up
787,thumb_up
788,thumb_up
789,thumb_up
790,thumb_up
791,thumb_up
792,thumb_up
793,thumb_up
794,thumb_up
795,thumb_up
796,thumb_up
797,thumb_up
798,thumb_up
799,thumb_up
800,thumb_up
801,thumb_up
802,thumb_up
803,thumb_up
804,thumb_up
805,thumb_down
806,thumb_down
807,thumb_down
808,thumb_down
809,thumb_down
810,thumb_down
811,thumb_down
812,thumb_down
813,thumb_down
814,thumb_down
815,thumb_down
816,thumb_down
817,thumb_down
818,thumb_down
819,thumb_down
820,thumb_down
821,thumb_down
822,thumb_down
823,thumb_down
824,thumb_down
825,thumb_down
826,thumb_down
827,thumb_down
828,thumb_down
829,thumb_down
830,thumb_down
831,thumb_down
832,thumb_down
833,thumb_down
834,thumb_down
835,thumb_down
836,thumb_down
837,thumb_down
838,thumb_down
839,thumb_down
840,thumb_down
841,thumb_up
842,thumb_up
843,thumb_up
844,thumb_up
845,thumb_up
846,thumb_up
847,thumb_up
848,thumb_up
849,thumb_up
850,thumb_up
851,thumb_up
852,thumb_up
853,thumb_up
854,thumb_up
855,thumb_up
856,thumb_up
857,thumb_up
858,thumb_up
859,thumb_up
860,thumb_up
861,thumb_up
862,thumb_up
863,thumb_up
864,thumb_up
865,thumb_up
866,thumb_up
867,thumb_up
868,thumb_up
869,thumb_up
870,thumb_up
871,thumb_up
872,thumb_up
873,thumb_up
874,thumb_up
875,thumb_up
876,thumb_up
877,thumb_down
878,thumb_down
879,thumb_down
880,thumb_down
881,thumb_down
882,thumb_down
883,thumb_down
884,thumb_down
885,thumb_down
886,thumb_down
887,thumb_down
888,thumb_down
889,thumb_down
890,thumb_down
891,thumb_down
892,thumb_down
893,thumb_down
894,thumb_down
895,thumb_down
896,thumb_down
897,thumb_down
898,thumb_down
899,thumb_down
900,thumb_down
901,thumb_down
902,thumb_down
903,thumb_down
904,thumb_down
905,thumb_down
906,thumb_down
907,thumb_down
908,thumb_down
909,other_events
910,other_events
911,other_events
912,other_events
913,other_events
914,other_events
915,other_events
916,other_events
917,other_events
918,other_events
919,other_events
920,other_events
921,other_events
922,putting_on_cloth
923,putting_on_cloth
924,putting_on_cloth
925,putting_on_cloth
926,putting_on_cloth
927,putting_on_cloth
928,putting_on_cloth
929,putting_on_cloth
930,putting_on_cloth
931,putting_on_cloth
932,putting_on_cloth
933,putting_on_cloth
934,putting_on_cloth
935,putting_on_cloth
936,putting_on_cloth
937,putting_on_cloth
938,putting_on_cloth
939,putting_on_cloth
940,putting_on_cloth
941,putting_on_cloth
942,putting_on_cloth
943,putting_on_cloth
944,putting_on_cloth
945,putting_on_cloth
946,putting_on_cloth
947,putting_on_cloth
948,putting_on_cloth
949,putting_on_cloth
950,putting_on_cloth
951,putting_on_cloth
952,putting_on_cloth
953,putting_on_cloth
954,putting_on_cloth
955,putting_on_cloth
956,putting_on_cloth
957,putting_on_cloth
958,putting_on_cloth
959,putting_on_cloth
960,putting_on_cloth
961,putting_on_cloth
962,putting_on_cloth
963,putting_on_cloth
964,putting_on_cloth
965,putting_on_cloth
966,putting_on_cloth
967,putting_on_cloth
968,putting_on_cloth
969,putting_on_cloth
970,putting_on_cloth
971,putting_on_cloth
972,putting_on_cloth
973,putting_on_cloth
974,putting_on_cloth
975,putting_on_cloth
976,putting_on_cloth
977,putting_on_cloth
978,putting_on_cloth
979,putting_on_cloth
980,putting_on_cloth
981,putting_on_cloth
982,putting_on_cloth
983,putting_on_cloth
984,putting_on_cloth
985,putting_on_cloth
986,putting_on_cloth
987,putting_on_cloth
988,putting_on_cloth
989,putting_on_cloth
990,putting_on_cloth
991,putting_on_cloth
992,putting_on_cloth
993,putting_on_cloth
994,putting_on_cloth
995,putting_on_cloth
996,putting_on_cloth
997,other_events
998,other_events
999,other_events
1000,other_events
1001,other_events
1002,other_events
1003,other_events
1004,other_events
1005,other_events
1006,other_events
1007,other_events
1008,other_events
1009,putting_off_cloth
1010,putting_off_cloth
1011,putting_off_cloth
1012,putting_off_cloth
1013,putting_off_cloth
1014,putting_off_cloth
1015,putting_off_cloth
1016,putting_off_cloth
1017,putting_off_cloth
1018,putting_off_cloth
1019,putting_off_cloth
1020,putting_off_cloth
1021,putting_off_cloth
1022,putting_off_cloth
1023,putting_off_cloth
1024,putting_off_cloth
1025,putting_off_cloth
1026,putting_off_cloth
1027,putting_off_cloth
1028,putting_off_cloth
1029,putting_off_cloth
1030,putting_off_cloth
1031,putting_off_cloth
1032,putting_off_cloth
1033,putting_off_cloth
1034,putting_off_cloth
1035,putting_off_cloth
1036,putting_off_cloth
1037,putting_off_cloth
1038,putting_off_cloth
1039,putting_off_cloth
1040,putting_off_cloth
1041,putting_off_cloth
1042,putting_off_cloth
1043,putting_off_cloth
1044,putting_off_cloth
1045,putting_off_cloth
1046,putting_off_cloth
1047,putting_off_cloth
1048,putting_off_cloth
1049,putting_off_cloth
1050,putting_off_cloth
1051,putting_off_cloth
1052,putting_off_cloth
1053,putting_off_cloth
1054,putting_off_cloth
1055,putting_off_cloth
1056,putting_off_cloth
1057,putting_off_cloth
1058,putting_off_cloth
1059,putting_off_cloth
1060,putting_off_cloth
1061,putting_off_cloth
1062,putting_off_cloth
1063,putting_off_cloth
1064,putting_off_cloth
1065,putting_off_cloth
1066,putting_off_cloth
1067,putting_off_cloth
1068,putting_off_cloth
1069,putting_off_cloth
1070,putting_off_cloth
1071,putting_off_cloth
1072,putting_off_cloth
1073,putting_off_cloth
1074,putting_off_cloth
1075,putting_off_cloth
1076,putting_off_cloth
1077,putting_off_cloth
1078,putting_off_cloth
1079,putting_off_cloth
1080,putting_off_cloth
1081,other_events
1082,other_events
1083,other_events
1084,other_events
1085,other_events
1086,other_events
1087,other_events
1088,other_events
1089,other_events
1090,other_events
1091,other_events
1092,other_events
1093,other_events
1094,other_events
1095,other_events
1096,other_events
1097,other_events
1098,other_events
1099,other_events
1100,swiping_left
1101,swiping_left
1102,swiping_left
1103,swiping_left
1104,swiping_left
1105,swiping_left
1106,swiping_left
1107,swiping_left
1108,swiping_left
1109,swiping_left
1110,swiping_left
1111,swiping_left
1112,swiping_left
1113,swiping_left
1114,swiping_left
1115,other_events
1116,other_events
1117,other_events
1118,other_events
1119,other_events
1120,other_events
1121,other_events
1122,standing_up
1123,standing_up
1124,standing_up
1125,standing_up
1126,standing_up
1127,standing_up
1128,standing_up
1129,standing_up
1130,standing_up
1131,standing_up
1132,standing_up
1133,standing_up
1134,standing_up
1135,standing_up
1136,other_events
1137,other_events
1138,other_events
1139,other_events
1140,other_events
1141,other_events
1142,other_events
1143,other_events
1144,other_events
1145,other_events
1146,other_events
1147,other_events
1148,other_events
1149,other_events
1150,other_events
1151,other_events
1152,other_events
1153,other_events
1154,other_events
1155,other_events
1156,other_events
1157,other_events
1158,other_events
1159,other_events
1160,other_events
1161,other_events
1162,other_events
1163,other_events
1164,other_events
1165,putting_on_cloth
1166,putting_on_cloth
1167,putting_on_cloth
1168,putting_on_cloth
1169,putting_on_cloth
1170,putting_on_cloth
1171,putting_on_cloth
1172,putting_on_cloth
1173,putting_on_cloth
1174,putting_on_cloth
1175,putting_on_cloth
1176,putting_on_cloth
1177,putting_on_cloth
1178,putting_on_cloth
1179,putting_on_cloth
1180,putting_on_cloth
1181,putting_on_cloth
1182,putting_on_cloth
1183,putting_on_cloth
1184,putting_on_cloth
1185,putting_on_cloth
1186,putting_on_cloth
1187,putting_on_cloth
1188,putting_on_cloth
1189,putting_on_cloth
1190,putting_on_cloth
1191,putting_on_cloth
1192,putting_on_cloth
1193,putting_on_cloth
1194,putting_on_cloth
1195,putting_on_cloth
1196,putting_on_cloth
1197,putting_on_cloth
1198,putting_on_cloth
1199,putting_on_cloth
1200,putting_on_cloth
1201,putting_on_cloth
1202,putting_on_cloth
1203,putting_on_cloth
1204,putting_on_cloth
1205,putting_on_cloth
1206,putting_on_cloth
1207,putting_on_cloth
1208,putting_on_cloth
1209,putting_on_cloth
1210,putting_on_cloth
1211,putting_on_cloth
1212,putting_on_cloth
1213,putting_on_cloth
1214,putting_on_cloth
1215,putting_on_cloth
1216,putting_on_cloth
1217,putting_on_cloth
1218,putting_on_cloth
1219,putting_on_cloth
1220,putting_on_cloth
1221,putting_on_cloth
1222,putting_on_cloth
1223,putting_on_cloth
1224,putting_on_cloth
1225,putting_on_cloth
1226,putting_on_cloth
1227,putting_on_cloth
1228,putting_on_cloth
1229,putting_on_cloth
1230,putting_on_cloth
1231,putting_on_cloth
1232,putting_on_cloth
1233,putting_on_cloth
1234,putting_on_cloth
1235,putting_on_cloth
1236,putting_on_cloth
1237,going_out_of_room
1238,going_out_of_room
1239,going_out_of_room
1240,going_out_of_room
1241,going_out_of_room
1242,going_out_of_room
1243,going_out_of_room
1244,going_out_of_room
1245,going_out_of_room
1246,going_out_of_room
1247,going_out_of_room
1248,going_out_of_room
1249,going_out_of_room
1250,going_out_of_room
1251,going_out_of_room
1252,going_out_of_room
1253,going_out_of_room
1254,going_out_of_room
1255,going_out_of_room
1256,going_out_of_room
1257,going_out_of_room
1258,going_out_of_room
1259,going_out_of_room
1260,going_out_of_room
1261,going_out_of_room
1262,going_out_of_room
1263,going_out_of_room
1264,going_out_of_room
1265,going_out_of_room
1266,going_out_of_room
1267,going_out_of_room
1268,going_out_of_room
1269,going_out_of_room
1270,going_out_of_room
1271,going_out_of_room
1272,going_out_of_room
1273,going_out_of_room
1274,going_out_of_room
1275,going_out_of_room
1276,going_out_of_room
1277,going_out_of_room
1278,going_out_of_room
1279,going_out_of_room
1280,going_out_of_room
1281,going_out_of_room
1282,going_out_of_room
1283,going_out_of_room
1284,other_events
1285,other_events
1286,other_events
1287,other_events
1288,other_events
1289,other_events
1290,other_events
1291,other_events
1292,other_events
1293,other_events
1294,other_events
1295,other_events
1296,other_events
1297,other_events
1298,other_events
1299,other_events
1300,other_events
1301,other_events
1302,other_events
1303,other_events
1304,other_events
1305,other_events
1306,other_events
1307,other_events
1308,other_events
1309,other_events
1310,other_events
1311,other_events
1312,other_events
1313,other_events
1314,other_events
1315,other_events
1316,other_events
1317,other_events
1318,other_events
1319,other_events
1320,other_events
1321,other_events
1322,other_events
1323,other_events
1324,other_events
1325,other_events
1326,other_events
1327,other_events
1328,other_events
1329,other_events
1330,other_events
1331,other_events
1332,other_events
1333,other_events
1334,other_events
1335,other_events
1336,other_events
1337,other_events
1338,other_events
1339,other_events
1340,other_events
1341,other_events
1342,other_events
1343,other_events
1344,other_events
1345,entering_room
1346,entering_room
1347,entering_room
1348,entering_room
1349,entering_room
1350,entering_room
1351,entering_room
1352,entering_room
1353,entering_room
1354,entering_room
1355,entering_room
1356,entering_room
1357,entering_room
1358,entering_room
1359,entering_room
1360,entering_room
1361,entering_room
1362,entering_room
1363,entering_room
1364,entering_room
1365,entering_room
1366,entering_room
1367,entering_room
1368,entering_room
1369,entering_room
1370,entering_room
1371,entering_room
1372,entering_room
1373,other_events
1374,other_events
1375,other_events
1376,other_events
1377,other_events
1378,other_events
1379,other_events
1380,other_events
1381,sitting_down
1382,sitting_down
1383,sitting_down
1384,sitting_down
1385,sitting_down
1386,sitting_down
1387,sitting_down
1388,sitting_down
1389,sitting_down
1390,sitting_down
1391,sitting_down
1392,sitting_down
1393,sitting_down
1394,sitting_down
1395,sitting_down
1396,sitting_down
1397,sitting_down
1398,sitting_down
1399,sitting_down
1400,sitting_down
1401,sitting_down
1402,sitting_down
1403,sitting_down
1404,sitting_down
1405,sitting_down
1406,sitting_down
1407,sitting_down
1408,other_events
1409,other_events
1410,other_events
1411,other_events
1412,other_events
1413,other_events
1414,swiping_left
1415,swiping_left
1416,swiping_left
1417,swiping_left
1418,swiping_left
1419,swiping_left
1420,swiping_left
1421,swiping_left
1422,swiping_left
1423,swiping_left
1424,swiping_left
1425,swiping_left
1426,swiping_left
1427,swiping_left
1428,swiping_left
1429,other_events
1430,other_events
1431,other_events
1432,other_events
1433,other_events
1434,other_events
1435,other_events
1436,other_events
1437,other_events
1438,thumb_up
1439,thumb_up
1440,thumb_up
1441,thumb_up
1442,thumb_up
1443,thumb_up
1444,thumb_up
1445,thumb_up
1446,thumb_up
1447,thumb_up
1448,thumb_up
1449,thumb_up
1450,thumb_up
1451,thumb_up
1452,thumb_up
1453,thumb_up
1454,thumb_up
1455,thumb_up
1456,thumb_up
1457,thumb_up
1458,thumb_up
1459,thumb_up
1460,thumb_up
1461,thumb_up
1462,thumb_up
1463,thumb_up
1464,thumb_up
1465,thumb_down
1466,thumb_down
1467,thumb_down
1468,thumb_down
1469,thumb_down
1470,thumb_down
1471,thumb_down
1472,thumb_down
1473,thumb_down
1474,thumb_down
1475,thumb_down
1476,thumb_down
1477,thumb_down
1478,thumb_down
1479,thumb_down
1480,thumb_down
1481,thumb_down
1482,thumb_down
1483,thumb_down
1484,thumb_down
1485,thumb_down
1486,thumb_down
1487,thumb_down
1488,thumb_down
1489,thumb_down
1490,thumb_down
1491,other_events
1492,other_events
1493,other_events
1494,other_events
1495,other_events
1496,other_events
1497,other_events
1498,swiping_left
1499,swiping_left
1500,swiping_left
1501,swiping_left
1502,swiping_left
1503,swiping_left
1504,swiping_left
1505,swiping_left
1506,swiping_left
1507,swiping_left
1508,swiping_left
1509,swiping_left
1510,swiping_left
1511,swiping_left
1512,swiping_left
1513,swiping_left
1514,swiping_left
1515,swiping_left
1516,other_events
1517,other_events
1518,other_events
1519,other_events
1520,other_events
1521,other_events
1522,other_events
1523,other_events
1524,other_events
1525,other_events
1526,other_events
1527,other_events
1528,other_events
1529,other_events
1530,other_events
1531,drumming
1532,drumming
1533,drumming
1534,drumming
1535,drumming
1536,drumming
1537,drumming
1538,drumming
1539,drumming
1540,drumming
1541,drumming
1542,drumming
1543,drumming
1544,drumming
1545,drumming
1546,drumming
1547,drumming
1548,drumming
1549,drumming
1550,drumming
1551,drumming
1552,drumming
1553,drumming
1554,drumming
1555,drumming
1556,drumming
1557,drumming
1558,drumming
1559,drumming
1560,drumming
1561,drumming
1562,thumb_up
1563,thumb_up
1564,thumb_up
1565,thumb_up
1566,thumb_up
1567,thumb_up
1568,thumb_up
1569,thumb_up
1570,thumb_up
1571,thumb_up
1572,thumb_up
1573,thumb_up
1574,thumb_up
1575,thumb_up
1576,thumb_up
1577,thumb_up
1578,thumb_up
1579,thumb_up
1580,thumb_up
1581,thumb_up
1582,thumb_up
1583,thumb_up
1584,thumb_up
1585,thumb_up
1586,other_events
1587,other_events
1588,other_events
1589,other_events
1590,other_events
1591,other_events
1592,other_events
1593,other_events
1594,other_events
1595,other_events
1596,other_events
1597,shaking
1598,shaking
1599,shaking
1600,shaking
1601,shaking
1602,shaking
1603,shaking
1604,shaking
1605,shaking
1606,shaking
1607,shaking
1608,shaking
1609,shaking
1610,shaking
1611,shaking
1612,shaking
1613,shaking
1614,shaking
1615,shaking
1616,shaking
1617,shaking
1618,shaking
1619,shaking
1620,shaking
1621,shaking
1622,shaking
1623,shaking
1624,shaking
1625,shaking
1626,shaking
1627,shaking
1628,shaking
1629,shaking
1630,other_events
1631,other_events
1632,other_events
1633,standing_up
1634,standing_up
1635,standing_up
1636,standing_up
1637,standing_up
1638,standing_up
1639,standing_up
1640,standing_up
1641,standing_up
1642,standing_up
1643,standing_up
1644,standing_up
1645,standing_up
1646,standing_up
1647,standing_up
1648,standing_up
1649,other_events
1650,other_events
1651,other_events
1652,other_events
1653,other_events
1654,other_events
1655,other_events
1656,other_events
1657,other_events
1658,other_events
1659,other_events
1660,other_events
1661,other_events
1662,other_events
1663,other_events
1664,other_events
1665,going_out_of_room
1666,going_out_of_room
1667,going_out_of_room
1668,going_out_of_room
1669,going_out_of_room
1670,going_out_of_room
1671,going_out_of_room
1672,going_out_of_room
1673,going_out_of_room
1674,going_out_of_room
1675,going_out_of_room
1676,going_out_of_room
1677,going_out_of_room
1678,going_out_of_room
1679,going_out_of_room
1680,going_out_of_room
1681,going_out_of_room
1682,going_out_of_room
1683,going_out_of_room
1684,going_out_of_room
1685,going_out_of_room
1686,going_out_of_room
1687,going_out_of_room
1688,going_out_of_room
1689,going_out_of_room
1690,going_out_of_room
1691,going_out_of_room
1692,going_out_of_room
1693,going_out_of_room
1694,going_out_of_room
1695,going_out_of_room
1696,going_out_of_room
1697,going_out_of_room
1698,going_out_of_room
1699,going_out_of_room
1700,going_out_of_room
1701,going_out_of_room
1702,going_out_of_room
1703,going_out_of_room
1704,going_out_of_room
1705,going_out_of_room
1706,going_out_of_room
1707,going_out_of_room
1708,going_out_of_room
1709,other_events
1710,other_events
1711,other_events
1712,other_events
1713,other_events
1714,other_events
1715,other_events
1716,other_events
1717,other_events
1718,other_events
1719,other_events
1720,other_events
1721,other_events
1722,other_events
1723,other_events
1724,other_events
1725,other_events
1726,other_events
1727,other_events
1728,other_events
1729,other_events
1730,other_events
1731,other_events
1732,other_events
1733,other_events
1734,other_events
1735,other_events
1736,other_events
1737,other_events
1738,other_events
1739,other_events
1740,other_events
1741,other_events
1742,other_events
1743,other_events
1744,other_events
1745,other_events
1746,other_events
1747,other_events
1748,other_events
1749,other_events
1750,other_events
1751,other_events
1752,other_events
1753,other_events
1754,other_events
1755,other_events
1756,other_events
1757,other_events
1758,other_events
1759,other_events
1760,other_events
1761,other_events
1762,other_events
1763,other_events
1764,other_events
1765,entering_room
1766,entering_room
1767,entering_room
1768,entering_room
1769,entering_room
1770,entering_room
1771,entering_room
1772,entering_room
1773,entering_room
1774,entering_room
1775,entering_room
1776,entering_room
1777,entering_room
1778,entering_room
1779,entering_room
1780,entering_room
1781,entering_room
1782,entering_room
1783,entering_room
1784,entering_room
1785,entering_room
1786,entering_room
1787,entering_room
1788,entering_room
1789,entering_room
1790,entering_room
1791,entering_room
1792,entering_room
1793,entering_room
1794,entering_room
1795,entering_room
1796,entering_room
1797,entering_room
1798,entering_room
1799,entering_room
1800,entering_room
1801,entering_room
1802,entering_room
1803,other_events
1804,other_events
1805,other_events
1806,other_events
1807,other_events
1808,other_events
1809,other_events
1810,other_events
1811,other_events
1812,other_events
1813,putting_off_cloth
1814,putting_off_cloth
1815,putting_off_cloth
1816,putting_off_cloth
1817,putting_off_cloth
1818,putting_off_cloth
1819,putting_off_cloth
1820,putting_off_cloth
1821,putting_off_cloth
1822,putting_off_cloth
1823,putting_off_cloth
1824,putting_off_cloth
1825,putting_off_cloth
1826,putting_off_cloth
1827,putting_off_cloth
1828,putting_off_cloth
1829,putting_off_cloth
1830,putting_off_cloth
1831,putting_off_cloth
1832,putting_off_cloth
1833,putting_off_cloth
1834,putting_off_cloth
1835,putting_off_cloth
1836,putting_off_cloth
1837,putting_off_cloth
1838,putting_off_cloth
1839,putting_off_cloth
1840,putting_off_cloth
1841,putting_off_cloth
1842,putting_off_cloth
1843,putting_off_cloth
1844,putting_off_cloth
1845,putting_off_cloth
1846,putting_off_cloth
1847,putting_off_cloth
1848,putting_off_cloth
1849,putting_off_cloth
1850,putting_off_cloth
1851,putting_off_cloth
1852,putting_off_cloth
1853,putting_off_cloth
1854,putting_off_cloth
1855,putting_off_cloth
1856,putting_off_cloth
1857,putting_off_cloth
1858,putting_off_cloth
1859,putting_off_cloth
1860,putting_off_cloth
1861,putting_off_cloth
1862,putting_off_cloth
1863,putting_off_cloth
1864,putting_off_cloth
1865,putting_off_cloth
1866,putting_off_cloth
1867,putting_off_cloth
1868,putting_off_cloth
1869,putting_off_cloth
1870,putting_off_cloth
1871,putting_off_cloth
1872,putting_off_cloth
1873,putting_off_cloth
1874,putting_off_cloth
1875,putting_off_cloth
1876,putting_off_cloth
1877,putting_off_cloth
1878,putting_off_cloth
1879,putting_off_cloth
1880,putting_off_cloth
1881,putting_off_cloth
1882,putting_off_cloth
1883,putting_off_cloth
1884,putting_off_cloth
1885,other_events
1886,other_events
1887,other_events
1888,other_events
1889,other_events
1890,other_events
1891,other_events
1892,other_events
1893,other_events
1894,other_events
1895,other_events
1896,other_events
1897,putting_on_cloth
1898,putting_on_cloth
1899,putting_on_cloth
1900,putting_on_cloth
1901,putting_on_cloth
1902,putting_on_cloth
1903,putting_on_cloth
1904,putting_on_cloth
1905,putting_on_cloth
1906,putting_on_cloth
1907,putting_on_cloth
1908,putting_on_cloth
1909,putting_on_cloth
1910,putting_on_cloth
1911,putting_on_cloth
1912,putting_on_cloth
1913,putting_on_cloth
1914,putting_on_cloth
1915,putting_on_cloth
1916,putting_on_cloth
1917,putting_on_cloth
1918,putting_on_cloth
1919,putting_on_cloth
1920,putting_on_cloth
1921,putting_on_cloth
1922,putting_on_cloth
1923,putting_on_cloth
1924,putting_on_cloth
1925,putting_on_cloth
1926,putting_on_cloth
1927,putting_on_cloth
1928,putting_on_cloth
1929,putting_on_cloth
1930,putting_on_cloth
1931,putting_on_cloth
1932,putting_on_cloth
1933,putting_on_cloth
1934,putting_on_cloth
1935,putting_on_cloth
1936,putting_on_cloth
1937,putting_on_cloth
1938,putting_on_cloth
1939,putting_on_cloth
1940,putting_on_cloth
1941,putting_on_cloth
1942,putting_on_cloth
1943,putting_on_cloth
1944,putting_on_cloth
1945,putting_on_cloth
1946,putting_on_cloth
1947,putting_on_cloth
1948,putting_on_cloth
1949,putting_on_cloth
1950,putting_on_cloth
1951,putting_on_cloth
1952,putting_on_cloth
1953,putting_on_cloth
1954,putting_on_cloth
1955,putting_on_cloth
1956,putting_on_cloth
1957,putting_on_cloth
1958,putting_on_cloth
1959,putting_on_cloth
1960,putting_on_cloth
1961,putting_on_cloth
1962,putting_on_cloth
1963,putting_on_cloth
1964,putting_on_cloth
1965,putting_on_cloth
1966,putting_on_cloth
1967,putting_on_cloth
1968,putting_on_cloth
1969,putting_on_cloth
1970,putting_on_cloth
1971,putting_on_cloth
1972,putting_on_cloth
1973,putting_on_cloth
1974,putting_on_cloth
1975,putting_on_cloth
1976,putting_on_cloth
1977,other_events
1978,other_events
1979,other_events
1980,other_events
1981,other_events
1982,other_events
1983,other_events
1984,other_events
1985,other_events
1986,other_events
1987,other_events
1988,other_events
1989,other_events
1990,other_events
1991,other_events
1992,other_events
1993,sitting_down
1994,sitting_down
1995,sitting_down
1996,sitting_down
1997,sitting_down
1998,sitting_down
1999,sitting_down
2000,sitting_down
2001,sitting_down
2002,sitting_down
2003,sitting_down
2004,sitting_down
2005,sitting_down
2006,sitting_down
2007,sitting_down
2008,sitting_down
2009,sitting_down
2010,sitting_down
2011,sitting_down
2012,sitting_down
2013,sitting_down
2014,sitting_down
2015,sitting_down
2016,sitting_down
2017,sitting_down
2018,sitting_down
2019,sitting_down
2020,sitting_down
2021,sitting_down
2022,sitting_down
2023,sitting_down
2024,sitting_down
2025,other_events
2026,other_events
2027,other_events
2028,other_events
2029,other_events
2030,other_events
2031,swiping_left
2032,swiping_left
2033,swiping_left
2034,swiping_left
2035,swiping_left
2036,swiping_left
2037,swiping_left
2038,swiping_left
2039,swiping_left
2040,swiping_left
2041,swiping_left
2042,swiping_left
2043,swiping_left
2044,swiping_left
2045,swiping_left
2046,swiping_left
2047,other_events
2048,other_events
2049,other_events
2050,other_events
2051,other_events
2052,other_events
2053,other_events
2054,other_events
2055,other_events
2056,other_events
2057,other_events
2058,swiping_right
2059,swiping_right
2060,swiping_right
2061,swiping_right
2062,swiping_right
2063,swiping_right
2064,swiping_right
2065,swiping_right
2066,swiping_right
2067,swiping_right
2068,swiping_right
2069,swiping_right
2070,swiping_right
2071,swiping_right
2072,swiping_right
2073,swiping_right
2074,swiping_right
2075,swiping_right
2076,swiping_right
2077,swiping_right
2078,swiping_right
2079,swiping_right
2080,swiping_right
2081,swiping_right
2082,swiping_right
2083,swiping_right
2084,swiping_right
2085,other_events
2086,other_events
2087,other_events
2088,other_events
2089,other_events
2090,other_events
2091,other_events
2092,other_events
2093,other_events
2094,other_events
2095,other_events
2096,other_events
2097,other_events
2098,other_events
2099,other_events
2100,other_events
2101,other_events
2102,other_events
2103,other_events
2104,other_events
2105,other_events
2106,other_events
2107,other_events
2108,other_events
2109,other_events
2110,other_events
2111,other_events
2112,other_events
2113,drumming
2114,drumming
2115,drumming
2116,drumming
2117,drumming
2118,drumming
2119,drumming
2120,drumming
2121,drumming
2122,drumming
2123,drumming
2124,drumming
2125,drumming
2126,drumming
2127,drumming
2128,drumming
2129,drumming
2130,drumming
2131,drumming
2132,drumming
2133,drumming
2134,drumming
2135,drumming
2136,drumming
2137,drumming
2138,drumming
2139,drumming
2140,drumming
2141,drumming
2142,drumming
2143,drumming
2144,drumming
2145,drumming
2146,drumming
2147,drumming
2148,drumming
2149,thumb_up
2150,thumb_up
2151,thumb_up
2152,thumb_up
2153,thumb_up
2154,thumb_up
2155,thumb_up
2156,thumb_up
2157,thumb_up
2158,thumb_up
2159,thumb_up
2160,thumb_up
2161,thumb_up
2162,thumb_up
2163,thumb_up
2164,thumb_up
2165,thumb_up
2166,thumb_up
2167,thumb_up
2168,thumb_up
2169,thumb_up
2170,thumb_up
2171,thumb_up
2172,thumb_up
2173,thumb_up
2174,thumb_up
2175,thumb_up
2176,thumb_up
2177,thumb_up
2178,thumb_up
2179,thumb_up
2180,thumb_up
2181,thumb_up
2182,thumb_up
2183,thumb_up
2184,thumb_up
2185,thumb_down
2186,thumb_down
2187,thumb_down
2188,thumb_down
2189,thumb_down
2190,thumb_down
2191,thumb_down
2192,thumb_down
2193,thumb_down
2194,thumb_down
2195,thumb_down
2196,thumb_down
2197,thumb_down
2198,thumb_down
2199,thumb_down
2200,thumb_down
2201,thumb_down
2202,thumb_down
2203,thumb_down
2204,thumb_down
2205,thumb_down
2206,thumb_down
2207,thumb_down
2208,thumb_down
2209,thumb_down
2210,thumb_down
2211,thumb_down
2212,thumb_down
2213,thumb_down
2214,thumb_down
2215,thumb_down
2216,thumb_down
2217,other_events
2218,other_events
2219,other_events
2220,other_events
2221,thumb_up
2222,thumb_up
2223,thumb_up
2224,thumb_up
2225,thumb_up
2226,thumb_up
2227,thumb_up
2228,thumb_up
2229,thumb_up
2230,thumb_up
2231,thumb_up
2232,thumb_up
2233,thumb_up
2234,thumb_up
2235,thumb_up
2236,thumb_up
2237,thumb_up
2238,thumb_up
2239,thumb_up
2240,thumb_up
2241,thumb_up
2242,thumb_up
2243,thumb_up
2244,thumb_up
2245,thumb_up
2246,thumb_up
2247,thumb_up
2248,thumb_up
2249,thumb_up
2250,thumb_up
2251,thumb_up
2252,thumb_up
2253,thumb_up
2254,thumb_up
2255,thumb_up
2256,thumb_up
2257,swiping_right
2258,swiping_right
2259,swiping_right
2260,swiping_right
2261,swiping_right
2262,swiping_right
2263,swiping_right
2264,swiping_right
2265,swiping_right
2266,swiping_right
2267,swiping_right
2268,swiping_right
2269,swiping_right
2270,swiping_right
2271,swiping_right
2272,swiping_right
2273,swiping_right
2274,swiping_right
2275,swiping_right
2276,swiping_right
2277,swiping_right
2278,swiping_right
2279,swiping_right
2280,swiping_right
2281,swiping_right
2282,swiping_right
2283,swiping_right
2284,other_events
2285,other_events
2286,other_events
2287,other_events
2288,other_events
2289,other_events
2290,other_events
2291,other_events
2292,other_events
2293,swiping_right
2294,swiping_right
2295,swiping_right
2296,swiping_right
2297,swiping_right
2298,swiping_right
2299,swiping_right
2300,swiping_right
2301,swiping_right
2302,swiping_right
2303,swiping_right
2304,swiping_right
2305,swiping_right
2306,swiping_right
2307,swiping_right
2308,swiping_right
2309,swiping_right
2310,swiping_right
2311,swiping_right
2312,swiping_right
2313,swiping_right
2314,swiping_right
2315,swiping_right
2316,swiping_right
2317,swiping_right
2318,swiping_right
2319,swiping_right
2320,swiping_right
2321,swiping_right
2322,swiping_right
2323,swiping_right
2324,swiping_right
2325,swiping_right
2326,other_events
2327,other_events
2328,other_events
2329,shaking
2330,shaking
2331,shaking
2332,shaking
2333,shaking
2334,shaking
2335,shaking
2336,shaking
2337,shaking
2338,shaking
2339,shaking
2340,shaking
2341,shaking
2342,shaking
2343,shaking
2344,shaking
2345,shaking
2346,shaking
2347,shaking
2348,shaking
2349,shaking
2350,shaking
2351,shaking
2352,shaking
2353,shaking
2354,shaking
2355,shaking
2356,shaking
2357,shaking
2358,shaking
2359,shaking
2360,shaking
2361,shaking
2362,shaking
2363,shaking
2364,shaking
2365,shaking
2366,shaking
2367,shaking
2368,shaking
2369,shaking
2370,shaking
2371,shaking
2372,other_events
2373,other_events
2374,other_events
2375,other_events
2376,other_events
2377,other_events
2378,putting_off_cloth
2379,putting_off_cloth
2380,putting_off_cloth
2381,putting_off_cloth
2382,putting_off_cloth
2383,putting_off_cloth
2384,putting_off_cloth
2385,putting_off_cloth
2386,putting_off_cloth
2387,putting_off_cloth
2388,putting_off_cloth
2389,putting_off_cloth
2390,putting_off_cloth
2391,putting_off_cloth
2392,putting_off_cloth
2393,putting_off_cloth
2394,putting_off_cloth
2395,putting_off_cloth
2396,putting_off_cloth
2397,putting_off_cloth
2398,putting_off_cloth
2399,putting_off_cloth
2400,putting_off_cloth
2401,putting_off_cloth
2402,putting_off_cloth
2403,putting_off_cloth
2404,putting_off_cloth
2405,putting_off_cloth
2406,putting_off_cloth
2407,putting_off_cloth
2408,putting_off_cloth
2409,putting_off_cloth
2410,putting_off_cloth
2411,putting_off_cloth
2412,putting_off_cloth
2413,putting_off_cloth
2414,putting_off_cloth
2415,putting_off_cloth
2416,putting_off_cloth
2417,putting_off_cloth
2418,putting_off_cloth
2419,putting_off_cloth
2420,putting_off_cloth
2421,putting_off_cloth
2422,putting_off_cloth
2423,putting_off_cloth
2424,putting_off_cloth
2425,putting_off_cloth
2426,putting_off_cloth
2427,putting_off_cloth
2428,putting_off_cloth
2429,putting_off_cloth
2430,putting_off_cloth
2431,putting_off_cloth
2432,putting_off_cloth
2433,putting_off_cloth
2434,putting_off_cloth
2435,putting_off_cloth
2436,putting_off_cloth
2437,putting_off_cloth
2438,putting_off_cloth
2439,putting_off_cloth
2440,putting_off_cloth
2441,putting_off_cloth
2442,putting_off_cloth
2443,putting_off_cloth
2444,putting_off_cloth
2445,putting_off_cloth
2446,putting_off_cloth
2447,putting_off_cloth
2448,putting_off_cloth
2449,other_events
2450,other_events
2451,other_events
2452,other_events
2453,other_events
2454,other_events
2455,other_events
2456,standing_up
2457,standing_up
2458,standing_up
2459,standing_up
2460,standing_up
2461,standing_up
2462,standing_up
2463,standing_up
2464,standing_up
2465,standing_up
2466,standing_up
2467,standing_up
2468,standing_up
2469,standing_up
2470,standing_up
2471,standing_up
2472,standing_up
2473,standing_up
2474,other_events
2475,other_events
2476,other_events
2477,other_events
2478,other_events
2479,other_events
2480,other_events
2481,other_events
2482,other_events
2483,other_events
2484,other_events
2485,going_out_of_room
2486,going_out_of_room
2487,going_out_of_room
2488,going_out_of_room
2489,going_out_of_room
2490,going_out_of_room
2491,going_out_of_room
2492,going_out_of_room
2493,going_out_of_room
2494,going_out_of_room
2495,going_out_of_room
2496,going_out_of_room
2497,going_out_of_room
2498,going_out_of_room
2499,going_out_of_room
2500,going_out_of_room
2501,going_out_of_room
2502,going_out_of_room
2503,going_out_of_room
2504,going_out_of_room
2505,going_out_of_room
2506,going_out_of_room
2507,going_out_of_room
2508,going_out_of_room
2509,going_out_of_room
2510,going_out_of_room
2511,going_out_of_room
2512,going_out_of_room
2513,going_out_of_room
2514,going_out_of_room
2515,going_out_of_room
2516,going_out_of_room
2517,going_out_of_room
2518,going_out_of_room
2519,going_out_of_room
2520,going_out_of_room
2521,going_out_of_room
2522,going_out_of_room
2523,going_out_of_room
2524,going_out_of_room
2525,going_out_of_room
2526,going_out_of_room
2527,going_out_of_room
2528,going_out_of_room
2529,going_out_of_room
2530,going_out_of_room
2531,going_out_of_room
2532,going_out_of_room
2533,going_out_of_room
2534,going_out_of_room
2535,going_out_of_room
2536,going_out_of_room
2537,going_out_of_room
2538,going_out_of_room
2539,going_out_of_room
2540,going_out_of_room
2541,other_events
2542,other_events
2543,other_events
2544,other_events
2545,other_events
2546,other_events
2547,other_events
2548,other_events
2549,other_events
2550,other_events
2551,other_events
2552,other_events
2553,other_events
2554,other_events
2555,other_events
2556,other_events
2557,other_events
2558,other_events
2559,other_events
2560,other_events
2561,other_events
2562,other_events
2563,other_events
2564,other_events
2565,other_events
2566,other_events
2567,other_events
2568,other_events
2569,other_events
2570,other_events
2571,other_events
2572,other_events
2573,other_events
2574,other_events
2575,other_events
2576,other_events
2577,other_events
2578,other_events
2579,other_events
2580,other_events
2581,other_events
2582,other_events
2583,other_events
2584,other_events
2585,other_events
2586,other_events
2587,other_events
2588,other_events
2589,other_events
2590,other_events
2591,entering_room
2592,entering_room
2593,entering_room
2594,entering_room
2595,entering_room
2596,entering_room
2597,entering_room
2598,entering_room
2599,entering_room
2600,entering_room
2601,entering_room
2602,entering_room
2603,entering_room
2604,entering_room
2605,entering_room
2606,entering_room
2607,entering_room
2608,entering_room
2609,entering_room
2610,entering_room
2611,entering_room
2612,entering_room
2613,entering_room
2614,entering_room
2615,entering_room
2616,entering_room
2617,other_events
2618,other_events
2619,other_events
2620,other_events
2621,other_events
2622,other_events
2623,other_events
2624,other_events
2625,other_events
2626,other_events
2627,other_events
2628,other_events
2629,other_events
2630,other_events
2631,other_events
2632,other_events
2633,other_events
2634,other_events
2635,other_events
2636,other_events
2637,other_events
2638,other_events
2639,other_events
2640,other_events
2641,putting_on_cloth
2642,putting_on_cloth
2643,putting_on_cloth
2644,putting_on_cloth
2645,putting_on_cloth
2646,putting_on_cloth
2647,putting_on_cloth
2648,putting_on_cloth
2649,putting_on_cloth
2650,putting_on_cloth
2651,putting_on_cloth
2652,putting_on_cloth
2653,putting_on_cloth
2654,putting_on_cloth
2655,putting_on_cloth
2656,putting_on_cloth
2657,putting_on_cloth
2658,putting_on_cloth
2659,putting_on_cloth
2660,putting_on_cloth
2661,putting_on_cloth
2662,putting_on_cloth
2663,putting_on_cloth
2664,putting_on_cloth
2665,putting_on_cloth
2666,putting_on_cloth
2667,putting_on_cloth
2668,putting_on_cloth
2669,putting_on_cloth
2670,putting_on_cloth
2671,putting_on_cloth
2672,putting_on_cloth
2673,putting_on_cloth
2674,putting_on_cloth
2675,putting_on_cloth
2676,putting_on_cloth
2677,putting_on_cloth
2678,putting_on_cloth
2679,putting_on_cloth
2680,putting_on_cloth
2681,putting_on_cloth
2682,putting_on_cloth
2683,putting_on_cloth
2684,putting_on_cloth
2685,putting_on_cloth
2686,putting_on_cloth
2687,putting_on_cloth
2688,putting_on_cloth
2689,putting_on_cloth
2690,putting_on_cloth
2691,putting_on_cloth
2692,putting_on_cloth
2693,putting_on_cloth
2694,putting_on_cloth
2695,putting_on_cloth
2696,putting_on_cloth
2697,putting_on_cloth
2698,putting_on_cloth
2699,putting_on_cloth
2700,putting_on_cloth
2701,putting_on_cloth
2702,putting_on_cloth
2703,putting_on_cloth
2704,putting_on_cloth
2705,putting_on_cloth
2706,putting_on_cloth
2707,putting_on_cloth
2708,putting_on_cloth
2709,putting_on_cloth
2710,putting_on_cloth
2711,putting_on_cloth
2712,putting_on_cloth
2713,putting_on_cloth
2714,putting_on_cloth
2715,putting_on_cloth
2716,putting_on_cloth
2717,putting_on_cloth
2718,putting_on_cloth
2719,putting_on_cloth
2720,putting_on_cloth
2721,putting_on_cloth
2722,putting_on_cloth
2723,putting_on_cloth
2724,putting_on_cloth
2725,other_events
2726,other_events
2727,other_events
2728,other_events
2729,other_events
2730,other_events
2731,other_events
2732,other_events
2733,other_events
2734,other_events
2735,other_events
2736,other_events
2737,other_events
2738,other_events
2739,other_events
2740,other_events
2741,other_events
2742,other_events
2743,other_events
2744,other_events
2745,other_events
2746,other_events
2747,other_events
2748,other_events
2749,sitting_down
2750,sitting_down
2751,sitting_down
2752,sitting_down
2753,sitting_down
2754,sitting_down
2755,sitting_down
2756,sitting_down
2757,sitting_down
2758,sitting_down
2759,sitting_down
2760,sitting_down
2761,sitting_down
2762,sitting_down
2763,sitting_down
2764,sitting_down
2765,sitting_down
2766,sitting_down
2767,sitting_down
2768,sitting_down
2769,sitting_down
2770,sitting_down
2771,sitting_down
2772,sitting_down
2773,sitting_down
2774,sitting_down
2775,sitting_down
2776,sitting_down
2777,sitting_down
2778,sitting_down
2779,sitting_down
2780,sitting_down
2781,sitting_down
2782,sitting_down
2783,other_events
2784,other_events
2785,other_events
2786,other_events
2787,other_events
2788,other_events
2789,other_events
2790,other_events
2791,other_events
2792,other_events
2793,other_events
2794,other_events
2795,other_events
2796,other_events
2797,drumming
2798,drumming
2799,drumming
2800,drumming
2801,drumming
2802,drumming
2803,drumming
2804,drumming
2805,drumming
2806,drumming
2807,drumming
2808,drumming
2809,drumming
2810,drumming
2811,drumming
2812,drumming
2813,drumming
2814,drumming
2815,drumming
2816,drumming
2817,drumming
2818,drumming
2819,drumming
2820,drumming
2821,drumming
2822,drumming
2823,drumming
2824,drumming
2825,drumming
2826,drumming
2827,drumming
2828,drumming
2829,drumming
2830,drumming
2831,drumming
2832,drumming
2833,drumming
2834,drumming
2835,drumming
2836,drumming
2837,drumming
2838,drumming
2839,drumming
2840,other_events
2841,other_events
2842,shaking
2843,shaking
2844,shaking
2845,shaking
2846,shaking
2847,shaking
2848,shaking
2849,shaking
2850,shaking
2851,shaking
2852,shaking
2853,shaking
2854,shaking
2855,shaking
2856,shaking
2857,shaking
2858,shaking
2859,shaking
2860,shaking
2861,shaking
2862,shaking
2863,shaking
2864,shaking
2865,shaking
2866,shaking
2867,shaking
2868,shaking
2869,shaking
2870,shaking
2871,shaking
2872,shaking
2873,shaking
2874,shaking
2875,shaking
2876,shaking
2877,shaking
2878,shaking
2879,shaking
2880,shaking
2881,other_events
2882,other_events
2883,other_events
2884,other_events
2885,other_events
2886,other_events
2887,other_events
2888,other_events
2889,other_events
2890,other_events
2891,other_events
2892,shaking
2893,shaking
2894,shaking
2895,shaking
2896,shaking
2897,shaking
2898,shaking
2899,shaking
2900,shaking
2901,shaking
2902,shaking
2903,shaking
2904,shaking
2905,shaking
2906,shaking
2907,shaking
2908,shaking
2909,shaking
2910,shaking
2911,shaking
2912,shaking
2913,shaking
2914,shaking
2915,shaking
2916,shaking
2917,shaking
2918,shaking
2919,shaking
2920,shaking
2921,other_events
2922,other_events
2923,other_events
2924,thumb_down
2925,thumb_down
2926,thumb_down
2927,thumb_down
2928,thumb_down
2929,thumb_down
2930,thumb_down
2931,thumb_down
2932,thumb_down
2933,thumb_down
2934,thumb_down
2935,thumb_down
2936,thumb_down
2937,thumb_down
2938,thumb_down
2939,thumb_down
2940,thumb_down
2941,thumb_down
2942,thumb_down
2943,thumb_down
2944,thumb_down
2945,thumb_down
2946,thumb_down
2947,thumb_down
2948,thumb_down
2949,thumb_down
2950,thumb_down
2951,thumb_down
2952,thumb_down
2953,thumb_down
2954,thumb_down
2955,thumb_down
2956,thumb_down
2957,thumb_down
2958,other_events
2959,other_events
2960,other_events
2961,other_events
2962,other_events
2963,thumb_up
2964,thumb_up
2965,thumb_up
2966,thumb_up
2967,thumb_up
2968,thumb_up
2969,thumb_up
2970,thumb_up
2971,thumb_up
2972,thumb_up
2973,thumb_up
2974,thumb_up
2975,thumb_up
2976,thumb_up
2977,thumb_up
2978,thumb_up
2979,thumb_up
2980,thumb_up
2981,thumb_up
2982,thumb_up
2983,thumb_up
2984,thumb_up
2985,thumb_up
2986,thumb_up
2987,thumb_up
2988,thumb_up
2989,other_events
2990,other_events
2991,other_events
2992,other_events
2993,other_events
2994,other_events
2995,other_events
2996,other_events
2997,other_events
2998,other_events
2999,other_events
3000,other_events
3001,other_events
3002,other_events
3003,other_events
3004,other_events
3005,other_events
3006,other_events
3007,other_events
3008,other_events
3009,other_events
3010,other_events
3011,other_events
3012,other_events
3013,other_events
3014,other_events
3015,other_events
3016,other_events
3017,other_events
3018,other_events
3019,other_events
3020,other_events
3021,other_events
3022,other_events
3023,other_events
3024,other_events
3025,other_events
3026,other_events
3027,other_events
3028,other_events
3029,other_events
3030,other_events
3031,other_events
3032,other_events
3033,other_events
3034,other_events
3035,other_events
3036,other_events
3037,standing_up
3038,standing_up
3039,standing_up
3040,standing_up
3041,standing_up
3042,standing_up
3043,standing_up
3044,standing_up
3045,standing_up
3046,standing_up
3047,standing_up
3048,standing_up
3049,standing_up
3050,standing_up
3051,standing_up
3052,standing_up
3053,standing_up
3054,standing_up
3055,standing_up
3056,standing_up
3057,standing_up
3058,standing_up
3059,other_events
3060,other_events
3061,other_events
3062,other_events
3063,other_events
3064,other_events
3065,other_events
3066,other_events
3067,other_events
3068,other_events
3069,other_events
3070,other_events
3071,other_events
3072,other_events
3073,going_out_of_room
3074,going_out_of_room
3075,going_out_of_room
3076,going_out_of_room
3077,going_out_of_room
3078,going_out_of_room
3079,going_out_of_room
3080,going_out_of_room
3081,going_out_of_room
3082,going_out_of_room
3083,going_out_of_room
3084,going_out_of_room
3085,going_out_of_room
3086,going_out_of_room
3087,going_out_of_room
3088,going_out_of_room
3089,going_out_of_room
3090,going_out_of_room
3091,going_out_of_room
3092,going_out_of_room
3093,going_out_of_room
3094,going_out_of_room
3095,going_out_of_room
3096,going_out_of_room
3097,going_out_of_room
3098,going_out_of_room
3099,going_out_of_room
3100,going_out_of_room
3101,going_out_of_room
3102,going_out_of_room
3103,going_out_of_room
3104,going_out_of_room
3105,going_out_of_room
3106,going_out_of_room
3107,going_out_of_room
3108,going_out_of_room
3109,going_out_of_room
3110,going_out_of_room
3111,going_out_of_room
3112,going_out_of_room
3113,going_out_of_room
3114,going_out_of_room
3115,going_out_of_room
3116,going_out_of_room
3117,going_out_of_room
3118,going_out_of_room
3119,going_out_of_room
3120,going_out_of_room
3121,going_out_of_room
3122,going_out_of_room
3123,going_out_of_room
3124,going_out_of_room
3125,going_out_of_room
3126,going_out_of_room
3127,going_out_of_room
3128,going_out_of_room
3129,going_out_of_room
3130,going_out_of_room
3131,going_out_of_room
3132,going_out_of_room
3133,going_out_of_room
3134,going_out_of_room
3135,going_out_of_room
3136,going_out_of_room
3137,going_out_of_room
3138,going_out_of_room
3139,going_out_of_room
3140,going_out_of_room
3141,other_events
3142,other_events
3143,other_events
3144,other_events
3145,other_events
3146,other_events
3147,other_events
3148,other_events
3149,other_events
3150,other_events
3151,other_events
3152,other_events
3153,other_events
3154,other_events
3155,other_events
3156,other_events
3157,other_events
3158,other_events
3159,other_events
3160,other_events
3161,other_events
3162,other_events
3163,other_events
3164,other_events
3165,other_events
3166,other_events
3167,other_events
3168,other_events
3169,other_events
3170,other_events
3171,other_events
3172,other_events
3173,other_events
3174,other_events
3175,other_events
3176,other_events
3177,other_events
3178,other_events
3179,other_events
3180,other_events
3181,other_events
3182,other_events
3183,other_events
3184,other_events
3185,other_events
3186,other_events
3187,other_events
3188,other_events
3189,other_events
3190,other_events
3191,other_events
3192,other_events
3193,other_events
3194,other_events
3195,other_events
3196,other_events
3197,other_events
3198,other_events
3199,other_events
3200,other_events
3201,other_events
3202,other_events
3203,other_events
3204,other_events
3205,other_events
3206,other_events
3207,other_events
3208,other_events
3209,other_events
3210,other_events
3211,other_events
3212,other_events
3213,other_events
3214,other_events
3215,other_events
3216,other_events
3217,entering_room
3218,entering_room
3219,entering_room
3220,entering_room
3221,entering_room
3222,entering_room
3223,entering_room
3224,entering_room
3225,entering_room
3226,entering_room
3227,entering_room
3228,entering_room
3229,entering_room
3230,entering_room
3231,entering_room
3232,entering_room
3233,entering_room
3234,entering_room
3235,entering_room
3236,entering_room
3237,entering_room
3238,entering_room
3239,entering_room
3240,entering_room
3241,entering_room
3242,entering_room
3243,entering_room
3244,entering_room
3245,entering_room
3246,entering_room
3247,entering_room
3248,entering_room
3249,entering_room
3250,entering_room
3251,entering_room
3252,entering_room
3253,entering_room
3254,entering_room
3255,entering_room
3256,entering_room
3257,entering_room
3258,entering_room
3259,entering_room
3260,entering_room
3261,entering_room
3262,entering_room
3263,entering_room
3264,entering_room
3265,entering_room
3266,entering_room
3267,entering_room
3268,entering_room
3269,entering_room
3270,entering_room
3271,entering_room
3272,entering_room
3273,entering_room
3274,entering_room
3275,entering_room
3276,entering_room
3277,other_events
3278,other_events
3279,other_events
3280,other_events
3281,other_events
3282,other_events
3283,other_events
3284,other_events
3285,other_events
3286,other_events
3287,other_events
3288,other_events
3289,sitting_down
3290,sitting_down
3291,sitting_down
3292,sitting_down
3293,sitting_down
3294,sitting_down
3295,sitting_down
3296,sitting_down
3297,sitting_down
3298,sitting_down
3299,sitting_down
3300,sitting_down
3301,sitting_down
3302,sitting_down
3303,sitting_down
3304,sitting_down
3305,sitting_down
3306,sitting_down
3307,sitting_down
3308,sitting_down
3309,sitting_down
3310,sitting_down
3311,sitting_down
3312,sitting_down
3313,sitting_down
3314,sitting_down
3315,sitting_down
3316,sitting_down
3317,sitting_down
3318,other_events
3319,other_events
3320,other_events
3321,other_events
3322,other_events
3323,other_events
3324,other_events
3325,other_events
3326,other_events
3327,other_events
3328,other_events
3329,other_events
3330,other_events
3331,swiping_left
3332,swiping_left
3333,swiping_left
3334,swiping_left
3335,swiping_left
3336,swiping_left
3337,swiping_left
3338,swiping_left
3339,swiping_left
3340,swiping_left
3341,swiping_left
3342,swiping_left
3343,swiping_left
3344,swiping_left
3345,swiping_left
3346,swiping_left
3347,swiping_left
3348,swiping_left
3349,other_events
3350,other_events
3351,other_events
3352,other_events
3353,other_events
3354,other_events
3355,other_events
3356,other_events
3357,other_events
3358,other_events
3359,other_events
3360,other_events
3361,other_events
3362,other_events
3363,other_events
3364,swiping_right
3365,swiping_right
3366,swiping_right
3367,swiping_right
3368,swiping_right
3369,swiping_right
3370,swiping_right
3371,swiping_right
3372,swiping_right
3373,swiping_right
3374,swiping_right
3375,swiping_right
3376,swiping_right
3377,swiping_right
3378,swiping_right
3379,swiping_right
3380,swiping_right
3381,swiping_right
3382,swiping_right
3383,swiping_right
3384,swiping_right
3385,swiping_right
3386,swiping_right
3387,swiping_right
3388,swiping_right
3389,swiping_right
3390,swiping_right
3391,swiping_right
3392,swiping_right
3393,swiping_right
3394,other_events
3395,other_events
3396,other_events
3397,other_events
3398,other_events
3399,other_events
3400,other_events
3401,other_events
3402,swiping_right
3403,swiping_right
3404,swiping_right
3405,swiping_right
3406,swiping_right
3407,swiping_right
3408,swiping_right
3409,swiping_right
3410,swiping_right
3411,swiping_right
3412,swiping_right
3413,swiping_right
3414,swiping_right
3415,swiping_right
3416,swiping_right
3417,swiping_right
3418,swiping_right
3419,swiping_right
3420,swiping_right
3421,swiping_right
3422,swiping_right
3423,swiping_right
3424,swiping_right
3425,swiping_right
3426,swiping_right
3427,swiping_right
3428,swiping_right
3429,swiping_right
3430,other_events
3431,other_events
3432,other_events
3433,other_events
3434,other_events
3435,other_events
3436,other_events
3437,other_events
3438,other_events
3439,other_events
3440,other_events
3441,swiping_left
3442,swiping_left
3443,swiping_left
3444,swiping_left
3445,swiping_left
3446,swiping_left
3447,swiping_left
3448,swiping_left
3449,swiping_left
3450,swiping_left
3451,swiping_left
3452,swiping_left
3453,swiping_left
3454,swiping_left
3455,swiping_left
3456,swiping_left
3457,other_events
3458,other_events
3459,other_events
3460,other_events
3461,other_events
3462,other_events
3463,other_events
3464,other_events
3465,other_events
3466,other_events
3467,other_events
3468,other_events
3469,other_events
3470,other_events
3471,shaking
3472,shaking
3473,shaking
3474,shaking
3475,shaking
3476,shaking
3477,shaking
3478,shaking
3479,shaking
3480,shaking
3481,shaking
3482,shaking
3483,shaking
3484,shaking
3485,shaking
3486,shaking
3487,shaking
3488,shaking
3489,shaking
3490,shaking
3491,shaking
3492,shaking
3493,shaking
3494,shaking
3495,shaking
3496,shaking
3497,shaking
3498,shaking
3499,shaking
3500,shaking
3501,shaking
3502,shaking
3503,shaking
3504,shaking
3505,shaking
3506,shaking
3507,shaking
3508,shaking
3509,shaking
3510,shaking
3511,shaking
3512,shaking
3513,shaking
3514,shaking
3515,shaking
3516,other_events
3517,other_events
3518,other_events
3519,other_events
3520,other_events
3521,other_events
3522,drumming
3523,drumming
3524,drumming
3525,drumming
3526,drumming
3527,drumming
3528,drumming
3529,drumming
3530,drumming
3531,drumming
3532,drumming
3533,drumming
3534,drumming
3535,drumming
3536,drumming
3537,drumming
3538,drumming
3539,drumming
3540,drumming
3541,drumming
3542,drumming
3543,drumming
3544,drumming
3545,drumming
3546,drumming
3547,drumming
3548,drumming
3549,drumming
3550,drumming
3551,drumming
3552,drumming
3553,drumming
3554,drumming
3555,drumming
3556,drumming
3557,drumming
3558,drumming
3559,drumming
3560,drumming
3561,drumming
3562,drumming
3563,drumming
3564,drumming
3565,drumming
3566,drumming
3567,other_events
3568,other_events
3569,other_events
3570,other_events
3571,other_events
3572,other_events
3573,other_events
3574,other_events
3575,thumb_up
3576,thumb_up
3577,thumb_up
3578,thumb_up
3579,thumb_up
3580,thumb_up
3581,thumb_up
3582,thumb_up
3583,thumb_up
3584,thumb_up
3585,thumb_up
3586,thumb_up
3587,thumb_up
3588,thumb_up
3589,thumb_up
3590,thumb_up
3591,thumb_up
3592,thumb_up
3593,thumb_up
3594,thumb_up
3595,thumb_up
3596,thumb_up
3597,thumb_up
3598,thumb_up
3599,thumb_up
3600,thumb_up
3601,putting_off_cloth
3602,putting_off_cloth
3603,putting_off_cloth
3604,putting_off_cloth
3605,putting_off_cloth
3606,putting_off_cloth
3607,putting_off_cloth
3608,putting_off_cloth
3609,putting_off_cloth
3610,putting_off_cloth
3611,putting_off_cloth
3612,putting_off_cloth
3613,putting_off_cloth
3614,putting_off_cloth
3615,putting_off_cloth
3616,putting_off_cloth
3617,putting_off_cloth
3618,putting_off_cloth
3619,putting_off_cloth
3620,putting_off_cloth
3621,putting_off_cloth
3622,putting_off_cloth
3623,putting_off_cloth
3624,putting_off_cloth
3625,putting_off_cloth
3626,putting_off_cloth
3627,putting_off_cloth
3628,putting_off_cloth
3629,putting_off_cloth
3630,putting_off_cloth
3631,putting_off_cloth
3632,putting_off_cloth
3633,putting_off_cloth
3634,putting_off_cloth
3635,putting_off_cloth
3636,putting_off_cloth
3637,putting_off_cloth
3638,putting_off_cloth
3639,putting_off_cloth
3640,putting_off_cloth
3641,putting_off_cloth
3642,putting_off_cloth
3643,putting_off_cloth
3644,putting_off_cloth
3645,putting_off_cloth
3646,putting_off_cloth
3647,putting_off_cloth
3648,putting_off_cloth
3649,putting_off_cloth
3650,putting_off_cloth
3651,putting_off_cloth
3652,putting_off_cloth
3653,putting_off_cloth
3654,putting_off_cloth
3655,putting_off_cloth
3656,putting_off_cloth
3657,putting_off_cloth
3658,putting_off_cloth
3659,putting_off_cloth
3660,putting_off_cloth
3661,putting_on_cloth
3662,putting_on_cloth
3663,putting_on_cloth
3664,putting_on_cloth
3665,putting_on_cloth
3666,putting_on_cloth
3667,putting_on_cloth
3668,putting_on_cloth
3669,putting_on_cloth
3670,putting_on_cloth
3671,putting_on_cloth
3672,putting_on_cloth
3673,putting_on_cloth
3674,putting_on_cloth
3675,putting_on_cloth
3676,putting_on_cloth
3677,putting_on_cloth
3678,putting_on_cloth
3679,putting_on_cloth
3680,putting_on_cloth
3681,putting_on_cloth
3682,putting_on_cloth
3683,putting_on_cloth
3684,putting_on_cloth
3685,putting_on_cloth
3686,putting_on_cloth
3687,putting_on_cloth
3688,putting_on_cloth
3689,putting_on_cloth
3690,putting_on_cloth
3691,putting_on_cloth
3692,putting_on_cloth
3693,putting_on_cloth
3694,putting_on_cloth
3695,putting_on_cloth
3696,putting_on_cloth
3697,putting_on_cloth
3698,putting_on_cloth
3699,putting_on_cloth
3700,putting_on_cloth
3701,putting_on_cloth
3702,putting_on_cloth
3703,putting_on_cloth
3704,putting_on_cloth
3705,putting_on_cloth
3706,putting_on_cloth
3707,putting_on_cloth
3708,putting_on_cloth
3709,putting_on_cloth
3710,putting_on_cloth
3711,putting_on_cloth
3712,putting_on_cloth
3713,putting_on_cloth
3714,putting_on_cloth
3715,putting_on_cloth
3716,putting_on_cloth
3717,putting_on_cloth
3718,putting_on_cloth
3719,putting_on_cloth
3720,putting_on_cloth
3721,putting_on_cloth
3722,putting_on_cloth
3723,putting_on_cloth
3724,putting_on_cloth
3725,putting_on_cloth
3726,putting_on_cloth
3727,putting_on_cloth
3728,putting_on_cloth
3729,putting_on_cloth
3730,putting_on_cloth
3731,putting_on_cloth
3732,putting_on_cloth
3733,other_events
3734,other_events
3735,other_events
3736,other_events
3737,other_events
3738,other_events
3739,other_events
3740,other_events
3741,other_events
3742,other_events
3743,other_events
3744,other_events
3745,other_events
3746,other_events
3747,other_events
3748,other_events
3749,other_events
3750,other_events
3751,other_events
3752,other_events
3753,other_events
3754,other_events
3755,other_events
3756,other_events
3757,other_events
3758,other_events
3759,other_events
3760,other_events
3761,putting_off_cloth
3762,putting_off_cloth
3763,putting_off_cloth
3764,putting_off_cloth
3765,putting_off_cloth
3766,putting_off_cloth
3767,putting_off_cloth
3768,putting_off_cloth
3769,putting_off_cloth
3770,putting_off_cloth
3771,putting_off_cloth
3772,putting_off_cloth
3773,putting_off_cloth
3774,putting_off_cloth
3775,putting_off_cloth
3776,putting_off_cloth
3777,putting_off_cloth
3778,putting_off_cloth
3779,putting_off_cloth
3780,putting_off_cloth
3781,putting_off_cloth
3782,putting_off_cloth
3783,putting_off_cloth
3784,putting_off_cloth
3785,putting_off_cloth
3786,putting_off_cloth
3787,putting_off_cloth
3788,putting_off_cloth
3789,putting_off_cloth
3790,putting_off_cloth
3791,putting_off_cloth
3792,putting_off_cloth
3793,putting_off_cloth
3794,putting_off_cloth
3795,putting_off_cloth
3796,putting_off_cloth
3797,putting_off_cloth
3798,putting_off_cloth
3799,putting_off_cloth
3800,putting_off_cloth
3801,putting_off_cloth
3802,putting_off_cloth
3803,putting_off_cloth
3804,putting_off_cloth
3805,putting_off_cloth
3806,putting_off_cloth
3807,putting_off_cloth
3808,putting_off_cloth
3809,putting_off_cloth
3810,putting_off_cloth
3811,putting_off_cloth
3812,putting_off_cloth
3813,putting_off_cloth
3814,putting_off_cloth
3815,putting_off_cloth
3816,putting_off_cloth
3817,putting_off_cloth
3818,other_events
3819,other_events
3820,other_events
3821,other_events
3822,other_events
3823,other_events
3824,putting_on_cloth
3825,putting_on_cloth
3826,putting_on_cloth
3827,putting_on_cloth
3828,putting_on_cloth
3829,putting_on_cloth
3830,putting_on_cloth
3831,putting_on_cloth
3832,putting_on_cloth
3833,putting_on_cloth
3834,putting_on_cloth
3835,putting_on_cloth
3836,putting_on_cloth
3837,putting_on_cloth
3838,putting_on_cloth
3839,putting_on_cloth
3840,putting_on_cloth
3841,putting_on_cloth
3842,putting_on_cloth
3843,putting_on_cloth
3844,putting_on_cloth
3845,putting_on_cloth
3846,putting_on_cloth
3847,putting_on_cloth
3848,putting_on_cloth
3849,putting_on_cloth
3850,putting_on_cloth
3851,putting_on_cloth
3852,putting_on_cloth
3853,putting_on_cloth
3854,putting_on_cloth
3855,putting_on_cloth
3856,putting_on_cloth
3857,putting_on_cloth
3858,putting_on_cloth
3859,putting_on_cloth
3860,putting_on_cloth
3861,putting_on_cloth
3862,putting_on_cloth
3863,putting_on_cloth
3864,putting_on_cloth
3865,putting_on_cloth
3866,putting_on_cloth
3867,putting_on_cloth
3868,putting_on_cloth
3869,putting_on_cloth
3870,putting_on_cloth
3871,putting_on_cloth
3872,putting_on_cloth
3873,putting_on_cloth
3874,putting_on_cloth
3875,putting_on_cloth
3876,putting_on_cloth
3877,putting_on_cloth
3878,putting_on_cloth
3879,putting_on_cloth
3880,putting_on_cloth
3881,putting_on_cloth
3882,putting_on_cloth
3883,putting_on_cloth
3884,putting_on_cloth
3885,putting_on_cloth
3886,putting_on_cloth
3887,putting_on_cloth
3888,putting_on_cloth
3889,putting_on_cloth
3890,putting_on_cloth
3891,putting_on_cloth
3892,putting_on_cloth
3893,putting_on_cloth
3894,putting_on_cloth
3895,putting_on_cloth
3896,putting_on_cloth
3897,putting_on_cloth
3898,putting_on_cloth
3899,putting_on_cloth
3900,putting_on_cloth
3901,putting_on_cloth
3902,putting_on_cloth
3903,putting_on_cloth
3904,putting_on_cloth
3905,putting_on_cloth
3906,putting_on_cloth
3907,putting_on_cloth
3908,putting_on_cloth
3909,putting_on_cloth
3910,putting_on_cloth
3911,putting_on_cloth
3912,putting_on_cloth
3913,other_events
3914,other_events
3915,other_events
3916,other_events
3917,other_events
3918,other_events
3919,other_events
3920,other_events
3921,other_events
3922,other_events
3923,other_events
3924,other_events
3925,other_events
3926,other_events
3927,other_events
3928,other_events
3929,other_events
3930,other_events
3931,other_events
3932,other_events
3933,swiping_left
3934,swiping_left
3935,swiping_left
3936,swiping_left
3937,swiping_left
3938,swiping_left
3939,swiping_left
3940,swiping_left
3941,swiping_left
3942,swiping_left
3943,swiping_left
3944,swiping_left
3945,swiping_left
3946,swiping_left
3947,swiping_left
3948,swiping_left
3949,swiping_left
3950,swiping_left
3951,other_events
3952,other_events
3953,other_events
3954,other_events
3955,other_events
3956,other_events
3957,other_events
3958,other_events
3959,other_events
3960,other_events
3961,other_events
3962,other_events
3963,other_events
3964,swiping_right
3965,swiping_right
3966,swiping_right
3967,swiping_right
3968,swiping_right
3969,swiping_right
3970,swiping_right
3971,swiping_right
3972,swiping_right
3973,swiping_right
3974,swiping_right
3975,swiping_right
3976,swiping_right
3977,swiping_right
3978,swiping_right
3979,swiping_right
3980,swiping_right
3981,swiping_right
3982,swiping_right
3983,swiping_right
3984,swiping_right
3985,swiping_right
3986,swiping_right
3987,swiping_right
3988,swiping_right
3989,other_events
3990,other_events
3991,other_events
3992,other_events
3993,other_events
3994,other_events
3995,thumb_up
3996,thumb_up
3997,thumb_up
3998,thumb_up
3999,thumb_up
4000,thumb_up
4001,thumb_up
4002,thumb_up
4003,thumb_up
4004,thumb_up
4005,thumb_up
4006,thumb_up
4007,thumb_up
4008,thumb_up
4009,thumb_up
4010,thumb_up
4011,thumb_up
4012,thumb_up
4013,thumb_up
4014,thumb_up
4015,thumb_up
4016,other_events
4017,other_events
4018,other_events
4019,other_events
4020,other_events
4021,thumb_down
4022,thumb_down
4023,thumb_down
4024,thumb_down
4025,thumb_down
4026,thumb_down
4027,thumb_down
4028,thumb_down
4029,thumb_down
4030,thumb_down
4031,thumb_down
4032,thumb_down
4033,thumb_down
4034,thumb_down
4035,thumb_down
4036,thumb_down
4037,thumb_down
4038,thumb_down
4039,thumb_down
4040,thumb_down
4041,thumb_down
4042,thumb_down
4043,other_events
4044,other_events
4045,other_events
4046,other_events
4047,other_events
4048,other_events
4049,other_events
4050,other_events
4051,other_events
4052,other_events
4053,other_events
4054,other_events
4055,other_events
4056,other_events
4057,standing_up
4058,standing_up
4059,standing_up
4060,standing_up
4061,standing_up
4062,standing_up
4063,standing_up
4064,standing_up
4065,standing_up
4066,standing_up
4067,standing_up
4068,standing_up
4069,standing_up
4070,standing_up
4071,standing_up
4072,standing_up
4073,standing_up
4074,standing_up
4075,standing_up
4076,standing_up
4077,standing_up
4078,standing_up
4079,other_events
4080,other_events
4081,other_events
4082,other_events
4083,other_events
4084,other_events
4085,other_events
4086,other_events
4087,other_events
4088,other_events
4089,other_events
4090,other_events
4091,other_events
4092,other_events
4093,going_out_of_room
4094,going_out_of_room
4095,going_out_of_room
4096,going_out_of_room
4097,going_out_of_room
4098,going_out_of_room
4099,going_out_of_room
4100,going_out_of_room
4101,going_out_of_room
4102,going_out_of_room
4103,going_out_of_room
4104,going_out_of_room
4105,going_out_of_room
4106,going_out_of_room
4107,going_out_of_room
4108,going_out_of_room
4109,going_out_of_room
4110,going_out_of_room
4111,going_out_of_room
4112,going_out_of_room
4113,going_out_of_room
4114,going_out_of_room
4115,going_out_of_room
4116,going_out_of_room
4117,going_out_of_room
4118,going_out_of_room
4119,going_out_of_room
4120,going_out_of_room
4121,going_out_of_room
4122,going_out_of_room
4123,going_out_of_room
4124,going_out_of_room
4125,going_out_of_room
4126,going_out_of_room
4127,going_out_of_room
4128,going_out_of_room
4129,going_out_of_room
4130,going_out_of_room
4131,going_out_of_room
4132,going_out_of_room
4133,going_out_of_room
4134,going_out_of_room
4135,going_out_of_room
4136,going_out_of_room
4137,going_out_of_room
4138,going_out_of_room
4139,going_out_of_room
4140,going_out_of_room
4141,going_out_of_room
4142,going_out_of_room
4143,going_out_of_room
4144,going_out_of_room
4145,going_out_of_room
4146,going_out_of_room
4147,going_out_of_room
4148,going_out_of_room
4149,going_out_of_room
4150,going_out_of_room
4151,going_out_of_room
4152,going_out_of_room
4153,going_out_of_room
4154,going_out_of_room
4155,going_out_of_room
4156,going_out_of_room
4157,other_events
4158,other_events
4159,other_events
4160,other_events
4161,other_events
4162,other_events
4163,other_events
4164,other_events
4165,other_events
4166,other_events
4167,other_events
4168,other_events
4169,other_events
4170,other_events
4171,other_events
4172,other_events
4173,other_events
4174,other_events
4175,other_events
4176,other_events
4177,other_events
4178,other_events
4179,other_events
4180,other_events
4181,other_events
4182,other_events
4183,other_events
4184,other_events
4185,other_events
4186,other_events
4187,other_events
4188,other_events
4189,other_events
4190,other_events
4191,other_events
4192,other_events
4193,other_events
4194,other_events
4195,other_events
4196,other_events
4197,other_events
4198,entering_room
4199,entering_room
4200,entering_room
4201,entering_room
4202,entering_room
4203,entering_room
4204,entering_room
4205,entering_room
4206,entering_room
4207,entering_room
4208,entering_room
4209,entering_room
4210,entering_room
4211,entering_room
4212,entering_room
4213,entering_room
4214,entering_room
4215,entering_room
4216,entering_room
4217,entering_room
4218,entering_room
4219,entering_room
4220,entering_room
4221,entering_room
4222,entering_room
4223,entering_room
4224,entering_room
4225,entering_room
4226,entering_room
4227,entering_room
4228,entering_room
4229,entering_room
4230,other_events
4231,other_events
4232,other_events
4233,other_events
4234,other_events
4235,other_events
4236,other_events
4237,sitting_down
4238,sitting_down
4239,sitting_down
4240,sitting_down
4241,sitting_down
4242,sitting_down
4243,sitting_down
4244,sitting_down
4245,sitting_down
4246,sitting_down
4247,sitting_down
4248,sitting_down
4249,sitting_down
4250,sitting_down
4251,sitting_down
4252,sitting_down
4253,sitting_down
4254,sitting_down
4255,sitting_down
4256,sitting_down
4257,sitting_down
4258,sitting_down
4259,sitting_down
4260,sitting_down
4261,sitting_down
4262,sitting_down
4263,sitting_down
4264,sitting_down
4265,sitting_down
4266,other_events
4267,other_events
4268,other_events
4269,other_events
4270,other_events
4271,other_events
4272,other_events
4273,other_events
4274,other_events
4275,other_events
4276,other_events
4277,other_events
4278,other_events
4279,other_events
4280,other_events
4281,other_events
4282,other_events
4283,other_events
4284,other_events
4285,other_events
4286,other_events
4287,other_events
4288,other_events
4289,other_events
4290,other_events
4291,other_events
4292,other_events
4293,other_events
4294,other_events
4295,other_events
4296,other_events
4297,swiping_right
4298,swiping_right
4299,swiping_right
4300,swiping_right
4301,swiping_right
4302,swiping_right
4303,swiping_right
4304,swiping_right
4305,swiping_right
4306,swiping_right
4307,swiping_right
4308,swiping_right
4309,swiping_right
4310,swiping_right
4311,swiping_right
4312,swiping_right
4313,swiping_right
4314,swiping_right
4315,swiping_right
4316,swiping_right
4317,other_events
4318,other_events
4319,other_events
4320,other_events
4321,thumb_up
4322,thumb_up
4323,thumb_up
4324,thumb_up
4325,thumb_up
4326,thumb_up
4327,thumb_up
4328,thumb_up
4329,thumb_up
4330,thumb_up
4331,thumb_up
4332,thumb_up
4333,thumb_up
4334,thumb_up
4335,thumb_up
4336,thumb_up
4337,thumb_up
4338,thumb_up
4339,thumb_up
4340,thumb_up
4341,thumb_up
4342,thumb_up
4343,other_events
4344,other_events
4345,thumb_down
4346,thumb_down
4347,thumb_down
4348,thumb_down
4349,thumb_down
4350,thumb_down
4351,thumb_down
4352,thumb_down
4353,thumb_down
4354,thumb_down
4355,thumb_down
4356,thumb_down
4357,thumb_down
4358,thumb_down
4359,thumb_down
4360,thumb_down
4361,thumb_down
4362,thumb_down
4363,thumb_down
4364,thumb_down
4365,thumb_down
4366,thumb_down
4367,other_events
4368,other_events
4369,other_events
4370,other_events
4371,other_events
4372,thumb_down
4373,thumb_down
4374,thumb_down
4375,thumb_down
4376,thumb_down
4377,thumb_down
4378,thumb_down
4379,thumb_down
4380,thumb_down
4381,thumb_down
4382,thumb_down
4383,thumb_down
4384,thumb_down
4385,thumb_down
4386,thumb_down
4387,thumb_down
4388,thumb_down
4389,thumb_down
4390,thumb_down
4391,thumb_down
4392,thumb_down
4393,thumb_down
4394,thumb_down
4395,thumb_down
4396,thumb_down
4397,other_events
4398,other_events
4399,other_events
4400,other_events
4401,other_events
4402,other_events
4403,other_events
4404,other_events
4405,other_events
4406,drumming
4407,drumming
4408,drumming
4409,drumming
4410,drumming
4411,drumming
4412,drumming
4413,drumming
4414,drumming
4415,drumming
4416,drumming
4417,drumming
4418,drumming
4419,drumming
4420,drumming
4421,drumming
4422,drumming
4423,drumming
4424,drumming
4425,drumming
4426,drumming
4427,drumming
4428,drumming
4429,drumming
4430,drumming
4431,drumming
4432,drumming
4433,drumming
4434,drumming
4435,drumming
4436,drumming
4437,drumming
4438,drumming
4439,drumming
4440,drumming
4441,drumming
4442,drumming
4443,drumming
4444,drumming
4445,drumming
4446,drumming
4447,other_events
4448,other_events
4449,other_events
4450,other_events
4451,other_events
4452,other_events
4453,other_events
4454,other_events
4455,other_events
4456,other_events
4457,other_events
4458,other_events
4459,other_events
4460,other_events
4461,other_events
4462,other_events
4463,other_events
4464,other_events
4465,other_events
4466,other_events
4467,other_events
4468,other_events
4469,other_events
4470,other_events
4471,other_events
4472,other_events
4473,other_events
4474,other_events
4475,other_events
4476,other_events
4477,other_events
4478,other_events
4479,other_events
4480,other_events
4481,other_events
4482,other_events
4483,other_events
4484,other_events
4485,other_events
4486,other_events
4487,other_events
4488,other_events
4489,other_events
4490,other_events
4491,other_events
4492,other_events
4493,other_events
4494,other_events
4495,other_events
4496,other_events
4497,other_events
4498,other_events
4499,standing_up
4500,standing_up
4501,standing_up
4502,standing_up
4503,standing_up
4504,standing_up
4505,standing_up
4506,standing_up
4507,standing_up
4508,standing_up
4509,standing_up
4510,standing_up
4511,standing_up
4512,standing_up
4513,other_events
4514,other_events
4515,other_events
4516,other_events
4517,other_events
4518,other_events
4519,other_events
4520,other_events
4521,other_events
4522,other_events
4523,other_events
4524,other_events
4525,going_out_of_room
4526,going_out_of_room
4527,going_out_of_room
4528,going_out_of_room
4529,going_out_of_room
4530,going_out_of_room
4531,going_out_of_room
4532,going_out_of_room
4533,going_out_of_room
4534,going_out_of_room
4535,going_out_of_room
4536,going_out_of_room
4537,going_out_of_room
4538,going_out_of_room
4539,going_out_of_room
4540,going_out_of_room
4541,going_out_of_room
4542,going_out_of_room
4543,going_out_of_room
4544,going_out_of_room
4545,going_out_of_room
4546,going_out_of_room
4547,going_out_of_room
4548,going_out_of_room
4549,going_out_of_room
4550,going_out_of_room
4551,going_out_of_room
4552,going_out_of_room
4553,going_out_of_room
4554,going_out_of_room
4555,going_out_of_room
4556,going_out_of_room
4557,going_out_of_room
4558,going_out_of_room
4559,going_out_of_room
4560,going_out_of_room
4561,going_out_of_room
4562,going_out_of_room
4563,going_out_of_room
4564,going_out_of_room
4565,going_out_of_room
4566,going_out_of_room
4567,going_out_of_room
4568,going_out_of_room
4569,going_out_of_room
4570,going_out_of_room
4571,going_out_of_room
4572,going_out_of_room
4573,going_out_of_room
4574,going_out_of_room
4575,going_out_of_room
4576,going_out_of_room
4577,going_out_of_room
4578,going_out_of_room
4579,going_out_of_room
4580,going_out_of_room
4581,going_out_of_room
4582,going_out_of_room
4583,going_out_of_room
4584,going_out_of_room
4585,other_events
4586,other_events
4587,other_events
4588,other_events
4589,other_events
4590,other_events
4591,other_events
4592,other_events
4593,other_events
4594,other_events
4595,other_events
4596,other_events
4597,other_events
4598,other_events
4599,other_events
4600,other_events
4601,other_events
4602,other_events
4603,other_events
4604,other_events
4605,other_events
4606,other_events
4607,other_events
4608,other_events
4609,other_events
4610,other_events
4611,other_events
4612,other_events
4613,other_events
4614,other_events
4615,other_events
4616,other_events
4617,other_events
4618,other_events
4619,other_events
4620,other_events
4621,other_events
4622,other_events
4623,other_events
4624,other_events
4625,other_events
4626,other_events
4627,other_events
4628,other_events
4629,other_events
4630,other_events
4631,other_events
4632,other_events
4633,other_events
4634,other_events
4635,other_events
4636,other_events
4637,other_events
4638,other_events
4639,other_events
4640,other_events
4641,other_events
4642,other_events
4643,other_events
4644,other_events
4645,other_events
4646,other_events
4647,other_events
4648,other_events
4649,other_events
4650,other_events
4651,other_events
4652,other_events
4653,other_events
4654,other_events
4655,other_events
4656,other_events
4657,other_events
4658,other_events
4659,other_events
4660,other_events
4661,other_events
4662,other_events
4663,other_events
4664,other_events
4665,other_events
4666,other_events
4667,other_events
4668,other_events
4669,other_events
4670,other_events
4671,other_events
4672,other_events
4673,other_events
4674,other_events
4675,other_events
4676,other_events
4677,other_events
4678,other_events
4679,other_events
4680,other_events
4681,other_events
4682,other_events
4683,other_events
4684,other_events
4685,other_events
4686,other_events
4687,other_events
4688,other_events
4689,other_events
4690,other_events
4691,other_events
4692,other_events
4693,other_events
4694,other_events
4695,other_events
4696,other_events
4697,other_events
4698,other_events
4699,other_events
4700,other_events
4701,other_events
4702,other_events
4703,other_events
4704,other_events
4705,other_events
4706,other_events
4707,other_events
4708,other_events
4709,other_events
4710,other_events
4711,other_events
4712,other_events
4713,other_events
4714,other_events
4715,other_events
4716,other_events
4717,other_events
4718,other_events
4719,other_events
4720,other_events
4721,other_events
4722,other_events
4723,other_events
4724,other_events
4725,other_events
4726,other_events
4727,other_events
4728,other_events
4729,other_events
4730,other_events
4731,other_events
4732,other_events
4733,other_events
4734,other_events
4735,other_events
4736,other_events
4737,other_events
4738,other_events
4739,other_events
4740,other_events
4741,other_events
4742,other_events
4743,other_events
4744,other_events
4745,other_events
4746,other_events
4747,other_events
4748,other_events
4749,other_events
4750,other_events
4751,other_events
4752,other_events
4753,entering_room
4754,entering_room
4755,entering_room
4756,entering_room
4757,entering_room
4758,entering_room
4759,entering_room
4760,entering_room
4761,entering_room
4762,entering_room
4763,entering_room
4764,entering_room
4765,entering_room
4766,entering_room
4767,entering_room
4768,entering_room
4769,entering_room
4770,entering_room
4771,entering_room
4772,entering_room
4773,entering_room
4774,entering_room
4775,entering_room
4776,entering_room
4777,entering_room
4778,entering_room
4779,entering_room
4780,entering_room
4781,entering_room
4782,entering_room
4783,entering_room
4784,entering_room
4785,entering_room
4786,entering_room
4787,entering_room
4788,entering_room
4789,entering_room
4790,entering_room
4791,entering_room
4792,entering_room
4793,entering_room
4794,entering_room
4795,entering_room
4796,entering_room
4797,entering_room
4798,entering_room
4799,entering_room
4800,entering_room
4801,other_events
4802,other_events
4803,other_events
4804,other_events
4805,other_events
4806,other_events
4807,other_events
4808,other_events
4809,other_events
4810,other_events
4811,other_events
4812,other_events
4813,sitting_down
4814,sitting_down
4815,sitting_down
4816,sitting_down
4817,sitting_down
4818,sitting_down
4819,sitting_down
4820,sitting_down
4821,sitting_down
4822,sitting_down
4823,sitting_down
4824,sitting_down
4825,sitting_down
4826,sitting_down
4827,sitting_down
4828,sitting_down
4829,sitting_down
4830,sitting_down
4831,sitting_down
4832,sitting_down
4833,sitting_down
4834,sitting_down
4835,sitting_down
4836,sitting_down
4837,sitting_down
4838,sitting_down
4839,sitting_down
4840,swiping_left
4841,swiping_left
4842,swiping_left
4843,swiping_left
4844,swiping_left
4845,swiping_left
4846,swiping_left
4847,swiping_left
4848,swiping_left
4849,swiping_left
4850,swiping_left
4851,swiping_left
4852,swiping_left
4853,swiping_left
4854,swiping_left
4855,swiping_left
4856,swiping_left
4857,swiping_left
4858,other_events
4859,other_events
4860,other_events
4861,other_events
4862,other_events
4863,other_events
4864,other_events
4865,drumming
4866,drumming
4867,drumming
4868,drumming
4869,drumming
4870,drumming
4871,drumming
4872,drumming
4873,drumming
4874,drumming
4875,drumming
4876,drumming
4877,drumming
4878,drumming
4879,drumming
4880,drumming
4881,drumming
4882,drumming
4883,drumming
4884,drumming
4885,drumming
4886,drumming
4887,drumming
4888,drumming
4889,drumming
4890,drumming
4891,drumming
4892,putting_off_cloth
4893,putting_off_cloth
4894,putting_off_cloth
4895,putting_off_cloth
4896,putting_off_cloth
4897,putting_off_cloth
4898,putting_off_cloth
4899,putting_off_cloth
4900,putting_off_cloth
4901,putting_off_cloth
4902,putting_off_cloth
4903,putting_off_cloth
4904,putting_off_cloth
4905,putting_off_cloth
4906,putting_off_cloth
4907,putting_off_cloth
4908,putting_off_cloth
4909,putting_off_cloth
4910,putting_off_cloth
4911,putting_off_cloth
4912,putting_off_cloth
4913,putting_off_cloth
4914,putting_off_cloth
4915,putting_off_cloth
4916,putting_off_cloth
4917,putting_off_cloth
4918,putting_off_cloth
4919,putting_off_cloth
4920,putting_off_cloth
4921,putting_off_cloth
4922,putting_off_cloth
4923,putting_off_cloth
4924,putting_off_cloth
4925,putting_off_cloth
4926,putting_off_cloth
4927,putting_off_cloth
4928,putting_off_cloth
4929,putting_off_cloth
4930,putting_off_cloth
4931,putting_off_cloth
4932,putting_off_cloth
4933,putting_off_cloth
4934,putting_off_cloth
4935,putting_off_cloth
4936,putting_off_cloth
4937,putting_off_cloth
4938,putting_off_cloth
4939,putting_off_cloth
4940,putting_off_cloth
4941,putting_off_cloth
4942,putting_off_cloth
4943,putting_off_cloth
4944,putting_off_cloth
4945,other_events
4946,other_events
4947,other_events
4948,other_events
4949,other_events
4950,putting_on_cloth
4951,putting_on_cloth
4952,putting_on_cloth
4953,putting_on_cloth
4954,putting_on_cloth
4955,putting_on_cloth
4956,putting_on_cloth
4957,putting_on_cloth
4958,putting_on_cloth
4959,putting_on_cloth
4960,putting_on_cloth
4961,putting_on_cloth
4962,putting_on_cloth
4963,putting_on_cloth
4964,putting_on_cloth
4965,putting_on_cloth
4966,putting_on_cloth
4967,putting_on_cloth
4968,putting_on_cloth
4969,putting_on_cloth
4970,putting_on_cloth
4971,putting_on_cloth
4972,putting_on_cloth
4973,putting_on_cloth
4974,putting_on_cloth
4975,putting_on_cloth
4976,putting_on_cloth
4977,putting_on_cloth
4978,putting_on_cloth
4979,putting_on_cloth
4980,putting_on_cloth
4981,putting_on_cloth
4982,putting_on_cloth
4983,putting_on_cloth
4984,putting_on_cloth
4985,putting_on_cloth
4986,putting_on_cloth
4987,putting_on_cloth
4988,putting_on_cloth
4989,putting_on_cloth
4990,putting_on_cloth
4991,putting_on_cloth
4992,putting_on_cloth
4993,putting_on_cloth
4994,putting_on_cloth
4995,putting_on_cloth
4996,putting_on_cloth
4997,putting_on_cloth
4998,putting_on_cloth
4999,putting_on_cloth
5000,putting_on_cloth
5001,putting_on_cloth
5002,putting_on_cloth
5003,putting_on_cloth
5004,putting_on_cloth
5005,putting_on_cloth
5006,putting_on_cloth
5007,putting_on_cloth
5008,putting_on_cloth
5009,putting_on_cloth
5010,putting_on_cloth
5011,putting_on_cloth
5012,putting_on_cloth
5013,putting_on_cloth
5014,putting_on_cloth
5015,putting_on_cloth
5016,putting_on_cloth
5017,other_events
5018,other_events
5019,other_events
5020,other_events
5021,other_events
5022,other_events
5023,swiping_left
5024,swiping_left
5025,swiping_left
5026,swiping_left
5027,swiping_left
5028,swiping_left
5029,swiping_left
5030,swiping_left
5031,swiping_left
5032,swiping_left
5033,swiping_left
5034,swiping_left
5035,swiping_left
5036,swiping_left
5037,swiping_left
5038,swiping_left
5039,other_events
5040,other_events
5041,other_events
5042,other_events
5043,other_events
5044,other_events
5045,other_events
5046,other_events
5047,other_events
5048,other_events
5049,other_events
5050,other_events
5051,other_events
